City,Coordinates,Administrative Division,Country,Country Code,Reason,Year,Places,,,,,,,,,,,,,,,,,,
Sanmenxia / 三门峡,"34.7732, 111.2004",Henan / 河南省,China / 中国,CHN,home,1996,,,,,,,,,,,,,,,,,,,
Sanmenxia / 三门峡,"34.7732, 111.2004",Henan / 河南省,China / 中国,CHN,home,1997,,,,,,,,,,,,,,,,,,,
Sanmenxia / 三门峡,"34.7732, 111.2004",Henan / 河南省,China / 中国,CHN,home,1998,,,,,,,,,,,,,,,,,,,
Sanmenxia / 三门峡,"34.7732, 111.2004",Henan / 河南省,China / 中国,CHN,home,1999,,,,,,,,,,,,,,,,,,,
Sanmenxia / 三门峡,"34.7732, 111.2004",Henan / 河南省,China / 中国,CHN,home,2000,,,,,,,,,,,,,,,,,,,
Sanmenxia / 三门峡,"34.7732, 111.2004",Henan / 河南省,China / 中国,CHN,home,2001,,,,,,,,,,,,,,,,,,,
Sanmenxia / 三门峡,"34.7732, 111.2004",Henan / 河南省,China / 中国,CHN,home,2002,,,,,,,,,,,,,,,,,,,
Sanmenxia / 三门峡,"34.7732, 111.2004",Henan / 河南省,China / 中国,CHN,home,2003,,,,,,,,,,,,,,,,,,,
Sanmenxia / 三门峡,"34.7732, 111.2004",Henan / 河南省,China / 中国,CHN,home,2004,,,,,,,,,,,,,,,,,,,
Sanmenxia / 三门峡,"34.7732, 111.2004",Henan / 河南省,China / 中国,CHN,home,2005,,,,,,,,,,,,,,,,,,,
Sanmenxia / 三门峡,"34.7732, 111.2004",Henan / 河南省,China / 中国,CHN,school,2002,Yucai Primary School / 三门峡育才小学,,,,,,,,,,,,,,,,,,
Sanmenxia / 三门峡,"34.7732, 111.2004",Henan / 河南省,China / 中国,CHN,school,2003,Yucai Primary School / 三门峡育才小学,,,,,,,,,,,,,,,,,,
Sanmenxia / 三门峡,"34.7732, 111.2004",Henan / 河南省,China / 中国,CHN,school,2004,Yucai Primary School / 三门峡育才小学,,,,,,,,,,,,,,,,,,
Sanmenxia / 三门峡,"34.7732, 111.2004",Henan / 河南省,China / 中国,CHN,school,2005,Yucai Primary School / 三门峡育才小学,,,,,,,,,,,,,,,,,,
Sanmenxia / 三门峡,"34.7732, 111.2004",Henan / 河南省,China / 中国,CHN,tourism,1998,Shaanzhou Scenic Area / 陕州风景区,,,,,,,,,,,,,,,,,,
Sanmenxia / 三门峡,"34.7732, 111.2004",Henan / 河南省,China / 中国,CHN,tourism,2002,Shaanzhou Scenic Area / 陕州风景区,,,,,,,,,,,,,,,,,,
Sanmenxia / 三门峡,"34.7732, 111.2004",Henan / 河南省,China / 中国,CHN,tourism,2001,Huanghe Forest Park / 黄河森林公园,,,,,,,,,,,,,,,,,,
Sanmenxia / 三门峡,"34.7732, 111.2004",Henan / 河南省,China / 中国,CHN,tourism,2002,Huanghe Forest Park / 黄河森林公园,,,,,,,,,,,,,,,,,,
Sanmenxia / 三门峡,"34.7732, 111.2004",Henan / 河南省,China / 中国,CHN,tourism,2003,Huanghe Forest Park / 黄河森林公园,,,,,,,,,,,,,,,,,,
Sanmenxia / 三门峡,"34.7732, 111.2004",Henan / 河南省,China / 中国,CHN,tourism,2004,Huanghe Forest Park / 黄河森林公园,,,,,,,,,,,,,,,,,,
Sanmenxia / 三门峡,"34.7732, 111.2004",Henan / 河南省,China / 中国,CHN,tourism,2005,Huanghe Forest Park / 黄河森林公园,,,,,,,,,,,,,,,,,,
Sanmenxia / 三门峡,"34.7732, 111.2004",Henan / 河南省,China / 中国,CHN,personal,2007,,,,,,,,,,,,,,,,,,,
Xiping / 西平,"33.388, 114.022",Henan / 河南省,China / 中国,CHN,personal,1998,Pan Village / 潘庄,,,,,,,,,,,,,,,,,,
Xiping / 西平,"33.388, 114.022",Henan / 河南省,China / 中国,CHN,personal,2008,Pan Village / 潘庄,,,,,,,,,,,,,,,,,,
Xiping / 西平,"33.388, 114.022",Henan / 河南省,China / 中国,CHN,personal,2023,Pan Village / 潘庄,,,,,,,,,,,,,,,,,,
Laoting / 乐亭,"39.433333, 118.916667",Hebei / 河北省,China / 中国,CHN,personal,1999,Zhong Village / 钟庄,,,,,,,,,,,,,,,,,,
Laoting / 乐亭,"39.433333, 118.916668",Hebei / 河北省,China / 中国,CHN,personal,2005,Zhong Village / 钟庄,,,,,,,,,,,,,,,,,,
Laoting / 乐亭,"39.433333, 118.916669",Hebei / 河北省,China / 中国,CHN,personal,2023,Zhong Village / 钟庄,,,,,,,,,,,,,,,,,,
Zhoukou / 周口,"33.6367, 114.7014",Henan / 河南省,China / 中国,CHN,personal,2008,,,,,,,,,,,,,,,,,,,
Shijiazhuang / 石家庄,"38.0425, 114.51",Hebei / 河北省,China / 中国,CHN,personal,2004,,,,,,,,,,,,,,,,,,,
Shijiazhuang / 石家庄,"38.0425, 114.51",Hebei / 河北省,China / 中国,CHN,tourism,2004,Hebei Science and Technology Museum / 河北省科学技术馆,,,,,,,,,,,,,,,,,,
Guilin / 桂林,"25.275, 110.296",Guangxi / 广西壮族自治区,China / 中国,CHN,tourism,2007,Elephant Trunk Hill / 象鼻山,,,,,,,,,,,,,,,,,,
Guilin / 桂林,"25.275, 110.296",Guangxi / 广西壮族自治区,China / 中国,CHN,tourism,2007,Qixing Park / 七星公园,,,,,,,,,,,,,,,,,,
Guilin / 桂林,"25.275, 110.296",Guangxi / 广西壮族自治区,China / 中国,CHN,tourism,2007,Crown Cave / 冠岩,,,,,,,,,,,,,,,,,,
Yangshuo / 阳朔,"24.783333, 110.5",Guangxi / 广西壮族自治区,China / 中国,CHN,tourism,2007,West Street / 西街,,,,,,,,,,,,,,,,,,
Yangshuo / 阳朔,"24.783333, 110.5",Guangxi / 广西壮族自治区,China / 中国,CHN,tourism,2007,Li River / 漓江,,,,,,,,,,,,,,,,,,
Nanjing / 南京,"32.060833, 118.778889",Jiangsu / 江苏省,China / 中国,CHN,tourism,2006,Purple Mountain Observatory / 紫金山天文台,,,,,,,,,,,,,,,,,,
Suzhou / 苏州,"31.3, 120.619444",Jiangsu / 江苏省,China / 中国,CHN,tourism,2006,Huqiu / 虎丘,,,,,,,,,,,,,,,,,,
Suzhou / 苏州,"31.3, 120.619444",Jiangsu / 江苏省,China / 中国,CHN,tourism,2006,Humble Administrator's Garden / 拙政园,,,,,,,,,,,,,,,,,,
Suzhou / 苏州,"31.3, 120.619444",Jiangsu / 江苏省,China / 中国,CHN,tourism,2006,Hanshan Temple / 寒山寺,,,,,,,,,,,,,,,,,,
Suzhou / 苏州,"31.3, 120.619444",Jiangsu / 江苏省,China / 中国,CHN,tourism,2006,Zhouzhuang / 周庄,,,,,,,,,,,,,,,,,,
Shanghai / 上海,"31.2325, 121.469167",Shanghai / 上海市,China / 中国,CHN,tourism,2006,Oriental Pearl TV Tower / 东方明珠电视塔,,,,,,,,,,,,,,,,,,
Shanghai / 上海,"31.2325, 121.469167",Shanghai / 上海市,China / 中国,CHN,tourism,2006,Fudan University / 复旦大学,,,,,,,,,,,,,,,,,,
Hangzhou / 杭州,"30.267, 120.153",Zhejiang / 浙江省,China / 中国,CHN,tourism,2006,West Lake / 西湖,,,,,,,,,,,,,,,,,,
Hangzhou / 杭州,"30.267, 120.153",Zhejiang / 浙江省,China / 中国,CHN,tourism,2006,Zhejiang University / 浙江大学,,,,,,,,,,,,,,,,,,
Sanya / 三亚,"18.253333, 109.503611",Hainan / 海南省,China / 中国,CHN,tourism,2006,Luhuitou Park / 鹿回头公园,,,,,,,,,,,,,,,,,,
Sanya / 三亚,"18.253333, 109.503611",Hainan / 海南省,China / 中国,CHN,tourism,2006,Tianya Haijiao / 天涯海角,,,,,,,,,,,,,,,,,,
Sanya / 三亚,"18.253333, 109.503611",Hainan / 海南省,China / 中国,CHN,tourism,2006,Nanshan Temple / 南山寺,,,,,,,,,,,,,,,,,,
Sanya / 三亚,"18.253333, 109.503611",Hainan / 海南省,China / 中国,CHN,airport,2006,SYX - Sanya Phoenix International Airport / 三亚凤凰国际机场,,,,,,,,,,,,,,,,,,
Wanning / 万宁,"18.8, 110.4",Hainan / 海南省,China / 中国,CHN,tourism,2006,Xinglong Tropical Botanical Garden / 兴隆热带植物园,,,,,,,,,,,,,,,,,,
Wanning / 万宁,"18.8, 110.4",Hainan / 海南省,China / 中国,CHN,tourism,2006,Sun and Moon Bay / 日月湾,,,,,,,,,,,,,,,,,,
Qionghai / 琼海,"19.243056, 110.464167",Hainan / 海南省,China / 中国,CHN,tourism,2006,Bo'ao / 博鳌镇,,,,,,,,,,,,,,,,,,
Song County / 嵩县,"34.1345, 112.0856",Henan / 河南省,China / 中国,CHN,tourism,2008,Baiyun Mountain / 白云山,,,,,,,,,,,,,,,,,,
Dengfeng / 登封,"34.455278, 113.025278",Henan / 河南省,China / 中国,CHN,tourism,2008,Shaolin Monastery / 少林寺,,,,,,,,,,,,,,,,,,
Dengfeng / 登封,"34.455278, 113.025278",Henan / 河南省,China / 中国,CHN,tourism,2008,Mount Song / 嵩山,,,,,,,,,,,,,,,,,,
Zhengzhou / 郑州,"34.764, 113.684",Henan / 河南省,China / 中国,CHN,home,2005,,,,,,,,,,,,,,,,,,,
Zhengzhou / 郑州,"34.764, 113.684",Henan / 河南省,China / 中国,CHN,home,2006,,,,,,,,,,,,,,,,,,,
Zhengzhou / 郑州,"34.764, 113.684",Henan / 河南省,China / 中国,CHN,home,2007,,,,,,,,,,,,,,,,,,,
Zhengzhou / 郑州,"34.764, 113.684",Henan / 河南省,China / 中国,CHN,home,2008,,,,,,,,,,,,,,,,,,,
Zhengzhou / 郑州,"34.764, 113.684",Henan / 河南省,China / 中国,CHN,home,2009,,,,,,,,,,,,,,,,,,,
Zhengzhou / 郑州,"34.764, 113.684",Henan / 河南省,China / 中国,CHN,home,2010,,,,,,,,,,,,,,,,,,,
Zhengzhou / 郑州,"34.764, 113.684",Henan / 河南省,China / 中国,CHN,home,2011,,,,,,,,,,,,,,,,,,,
Zhengzhou / 郑州,"34.764, 113.684",Henan / 河南省,China / 中国,CHN,home,2012,,,,,,,,,,,,,,,,,,,
Zhengzhou / 郑州,"34.764, 113.684",Henan / 河南省,China / 中国,CHN,home,2013,,,,,,,,,,,,,,,,,,,
Zhengzhou / 郑州,"34.764, 113.684",Henan / 河南省,China / 中国,CHN,home,2014,,,,,,,,,,,,,,,,,,,
Zhengzhou / 郑州,"34.764, 113.684",Henan / 河南省,China / 中国,CHN,home,2015,,,,,,,,,,,,,,,,,,,
Zhengzhou / 郑州,"34.764, 113.684",Henan / 河南省,China / 中国,CHN,home,2016,,,,,,,,,,,,,,,,,,,
Zhengzhou / 郑州,"34.764, 113.684",Henan / 河南省,China / 中国,CHN,home,2017,,,,,,,,,,,,,,,,,,,
Zhengzhou / 郑州,"34.764, 113.684",Henan / 河南省,China / 中国,CHN,home,2018,,,,,,,,,,,,,,,,,,,
Zhengzhou / 郑州,"34.764, 113.684",Henan / 河南省,China / 中国,CHN,home,2019,,,,,,,,,,,,,,,,,,,
Zhengzhou / 郑州,"34.764, 113.684",Henan / 河南省,China / 中国,CHN,home,2023,,,,,,,,,,,,,,,,,,,
Zhengzhou / 郑州,"34.764, 113.684",Henan / 河南省,China / 中国,CHN,school,2005,Sida Foreign Language Primary School / 思达外国语小学,,,,,,,,,,,,,,,,,,
Zhengzhou / 郑州,"34.764, 113.684",Henan / 河南省,China / 中国,CHN,school,2006,Sida Foreign Language Primary School / 思达外国语小学,,,,,,,,,,,,,,,,,,
Zhengzhou / 郑州,"34.764, 113.684",Henan / 河南省,China / 中国,CHN,school,2007,Sida Foreign Language Primary School / 思达外国语小学,,,,,,,,,,,,,,,,,,
Zhengzhou / 郑州,"34.764, 113.684",Henan / 河南省,China / 中国,CHN,school,2008,Sida Foreign Language Primary School / 思达外国语小学,,,,,,,,,,,,,,,,,,
Zhengzhou / 郑州,"34.764, 113.684",Henan / 河南省,China / 中国,CHN,school,2008,Zhengzhou Foreign Language Middle School / 郑州外国语中学,,,,,,,,,,,,,,,,,,
Zhengzhou / 郑州,"34.764, 113.684",Henan / 河南省,China / 中国,CHN,school,2009,Zhengzhou Foreign Language Middle School / 郑州外国语中学,,,,,,,,,,,,,,,,,,
Zhengzhou / 郑州,"34.764, 113.684",Henan / 河南省,China / 中国,CHN,school,2010,Zhengzhou Foreign Language Middle School / 郑州外国语中学,,,,,,,,,,,,,,,,,,
Zhengzhou / 郑州,"34.764, 113.684",Henan / 河南省,China / 中国,CHN,school,2011,Zhengzhou Foreign Language Middle School / 郑州外国语中学,,,,,,,,,,,,,,,,,,
Zhengzhou / 郑州,"34.764, 113.684",Henan / 河南省,China / 中国,CHN,school,2011,Zhengzhou Foreign Language School / 郑州外国语学校,,,,,,,,,,,,,,,,,,
Zhengzhou / 郑州,"34.764, 113.684",Henan / 河南省,China / 中国,CHN,school,2012,Zhengzhou Foreign Language School / 郑州外国语学校,,,,,,,,,,,,,,,,,,
Zhengzhou / 郑州,"34.764, 113.684",Henan / 河南省,China / 中国,CHN,school,2013,Zhengzhou Foreign Language School / 郑州外国语学校,,,,,,,,,,,,,,,,,,
Zhengzhou / 郑州,"34.764, 113.684",Henan / 河南省,China / 中国,CHN,school,2014,Zhengzhou Foreign Language School / 郑州外国语学校,,,,,,,,,,,,,,,,,,
Zhengzhou / 郑州,"34.764, 113.684",Henan / 河南省,China / 中国,CHN,tourism,2005,Erqi Memorial Tower / 二七纪念塔,,,,,,,,,,,,,,,,,,
Zhengzhou / 郑州,"34.764, 113.684",Henan / 河南省,China / 中国,CHN,tourism,2006,Erqi Memorial Tower / 二七纪念塔,,,,,,,,,,,,,,,,,,
Zhengzhou / 郑州,"34.764, 113.684",Henan / 河南省,China / 中国,CHN,tourism,2007,Erqi Memorial Tower / 二七纪念塔,,,,,,,,,,,,,,,,,,
Zhengzhou / 郑州,"34.764, 113.684",Henan / 河南省,China / 中国,CHN,tourism,2008,Erqi Memorial Tower / 二七纪念塔,,,,,,,,,,,,,,,,,,
Zhengzhou / 郑州,"34.764, 113.684",Henan / 河南省,China / 中国,CHN,tourism,2009,Erqi Memorial Tower / 二七纪念塔,,,,,,,,,,,,,,,,,,
Zhengzhou / 郑州,"34.764, 113.684",Henan / 河南省,China / 中国,CHN,tourism,2010,Erqi Memorial Tower / 二七纪念塔,,,,,,,,,,,,,,,,,,
Zhengzhou / 郑州,"34.764, 113.684",Henan / 河南省,China / 中国,CHN,tourism,2011,Erqi Memorial Tower / 二七纪念塔,,,,,,,,,,,,,,,,,,
Zhengzhou / 郑州,"34.764, 113.684",Henan / 河南省,China / 中国,CHN,tourism,2012,Erqi Memorial Tower / 二七纪念塔,,,,,,,,,,,,,,,,,,
Zhengzhou / 郑州,"34.764, 113.684",Henan / 河南省,China / 中国,CHN,tourism,2013,Erqi Memorial Tower / 二七纪念塔,,,,,,,,,,,,,,,,,,
Zhengzhou / 郑州,"34.764, 113.684",Henan / 河南省,China / 中国,CHN,tourism,2014,Erqi Memorial Tower / 二七纪念塔,,,,,,,,,,,,,,,,,,
Zhengzhou / 郑州,"34.764, 113.684",Henan / 河南省,China / 中国,CHN,tourism,2015,Erqi Memorial Tower / 二七纪念塔,,,,,,,,,,,,,,,,,,
Zhengzhou / 郑州,"34.764, 113.684",Henan / 河南省,China / 中国,CHN,tourism,2016,Erqi Memorial Tower / 二七纪念塔,,,,,,,,,,,,,,,,,,
Zhengzhou / 郑州,"34.764, 113.684",Henan / 河南省,China / 中国,CHN,tourism,2017,Erqi Memorial Tower / 二七纪念塔,,,,,,,,,,,,,,,,,,
Zhengzhou / 郑州,"34.764, 113.684",Henan / 河南省,China / 中国,CHN,tourism,2018,Erqi Memorial Tower / 二七纪念塔,,,,,,,,,,,,,,,,,,
Zhengzhou / 郑州,"34.764, 113.684",Henan / 河南省,China / 中国,CHN,tourism,2019,Erqi Memorial Tower / 二七纪念塔,,,,,,,,,,,,,,,,,,
Zhengzhou / 郑州,"34.764, 113.684",Henan / 河南省,China / 中国,CHN,tourism,2006,Henan Museum / 河南博物院,,,,,,,,,,,,,,,,,,
Zhengzhou / 郑州,"34.764, 113.684",Henan / 河南省,China / 中国,CHN,tourism,2006,Century Amusement Park / 世纪欢乐园,,,,,,,,,,,,,,,,,,
Zhengzhou / 郑州,"34.764, 113.684",Henan / 河南省,China / 中国,CHN,tourism,2023,Zhengzhou Museum / 郑州博物馆,,,,,,,,,,,,,,,,,,
Zhengzhou / 郑州,"34.764, 113.684",Henan / 河南省,China / 中国,CHN,tourism,2011,Henan Geological Museum / 河南地质博物馆,,,,,,,,,,,,,,,,,,
Zhengzhou / 郑州,"34.764, 113.684",Henan / 河南省,China / 中国,CHN,tourism,2011,Shang Relic Park / 商代遗址,,,,,,,,,,,,,,,,,,
Zhengzhou / 郑州,"34.764, 113.684",Henan / 河南省,China / 中国,CHN,airport,2006,CGO - Zhengzhou Xinzheng International Airport / 郑州新郑国际机场,,,,,,,,,,,,,,,,,,
Zhengzhou / 郑州,"34.764, 113.684",Henan / 河南省,China / 中国,CHN,airport,2011,CGO - Zhengzhou Xinzheng International Airport / 郑州新郑国际机场,,,,,,,,,,,,,,,,,,
Zhengzhou / 郑州,"34.764, 113.684",Henan / 河南省,China / 中国,CHN,airport,2014,CGO - Zhengzhou Xinzheng International Airport / 郑州新郑国际机场,,,,,,,,,,,,,,,,,,
Zhengzhou / 郑州,"34.764, 113.684",Henan / 河南省,China / 中国,CHN,airport,2015,CGO - Zhengzhou Xinzheng International Airport / 郑州新郑国际机场,,,,,,,,,,,,,,,,,,
Zhengzhou / 郑州,"34.764, 113.684",Henan / 河南省,China / 中国,CHN,airport,2016,CGO - Zhengzhou Xinzheng International Airport / 郑州新郑国际机场,,,,,,,,,,,,,,,,,,
Zhengzhou / 郑州,"34.764, 113.684",Henan / 河南省,China / 中国,CHN,airport,2017,CGO - Zhengzhou Xinzheng International Airport / 郑州新郑国际机场,,,,,,,,,,,,,,,,,,
Zhengzhou / 郑州,"34.764, 113.684",Henan / 河南省,China / 中国,CHN,airport,2018,CGO - Zhengzhou Xinzheng International Airport / 郑州新郑国际机场,,,,,,,,,,,,,,,,,,
Zhengzhou / 郑州,"34.764, 113.684",Henan / 河南省,China / 中国,CHN,airport,2019,CGO - Zhengzhou Xinzheng International Airport / 郑州新郑国际机场,,,,,,,,,,,,,,,,,,
Zhengzhou / 郑州,"34.764, 113.684",Henan / 河南省,China / 中国,CHN,airport,2023,CGO - Zhengzhou Xinzheng International Airport / 郑州新郑国际机场,,,,,,,,,,,,,,,,,,
Zhengzhou / 郑州,"34.764, 113.684",Henan / 河南省,China / 中国,CHN,matchday,2015,Hanghai Stadium / 航海体育场,,,,,,,,,,,,,,,,,,
Zhengzhou / 郑州,"34.764, 113.684",Henan / 河南省,China / 中国,CHN,matchday,2016,Hanghai Stadium / 航海体育场,,,,,,,,,,,,,,,,,,
Zhengzhou / 郑州,"34.764, 113.684",Henan / 河南省,China / 中国,CHN,matchday,2019,Hanghai Stadium / 航海体育场,,,,,,,,,,,,,,,,,,
Kaifeng / 开封,"34.795, 114.345",Henan / 河南省,China / 中国,CHN,tourism,2011,Millennium City Park / 清明上河园,,,,,,,,,,,,,,,,,,
Kaifeng / 开封,"34.795, 114.345",Henan / 河南省,China / 中国,CHN,tourism,2011,Longting Park / 龙亭公园,,,,,,,,,,,,,,,,,,
Kaifeng / 开封,"34.795, 114.345",Henan / 河南省,China / 中国,CHN,tourism,2011,Kaifengfu / 开封府,,,,,,,,,,,,,,,,,,
Beijing / 北京,"39.906667, 116.3975",Beijing / 北京市,China / 中国,CHN,personal,2006,,,,,,,,,,,,,,,,,,,
Beijing / 北京,"39.906667, 116.3975",Beijing / 北京市,China / 中国,CHN,tourism,2006,Chinese Aviation Museum / 中国航空博物馆,,,,,,,,,,,,,,,,,,
Beijing / 北京,"39.906667, 116.3975",Beijing / 北京市,China / 中国,CHN,personal,2009,,,,,,,,,,,,,,,,,,,
Beijing / 北京,"39.906667, 116.3975",Beijing / 北京市,China / 中国,CHN,tourism,2009,Olympic Green / 奥林匹克公园,,,,,,,,,,,,,,,,,,
Beijing / 北京,"39.906667, 116.3975",Beijing / 北京市,China / 中国,CHN,tourism,2009,Military Museum of the Chinese People's Revolution / 中国人民革命军事博物馆,,,,,,,,,,,,,,,,,,
Beijing / 北京,"39.906667, 116.3975",Beijing / 北京市,China / 中国,CHN,airport,2009,PEK - Beijing Capital International Airport / 北京首都国际机场,,,,,,,,,,,,,,,,,,
Incheon / 仁川,"37.483333, 126.633333",Incheon / 仁川广域市,South Korea / 韩国,KOR,airport,2009,ICN - Incheon International Airport / 仁川国际机场,,,,,,,,,,,,,,,,,,
Los Angeles / 洛杉矶,"34.05, -118.25",California / 加利福尼亚州,United States / 美国,USA,airport,2009,LAX - Los Angeles International Airport / 洛杉矶国际机场,,,,,,,,,,,,,,,,,,
San Bernardino / 圣贝纳迪诺,"34.104167, -117.292222",California / 加利福尼亚州,United States / 美国,USA,personal,2009,"California State University, San Bernardino / 加州州立大学圣贝纳迪诺分校",,,,,,,,,,,,,,,,,,
Los Angeles / 洛杉矶,"34.05, -118.25",California / 加利福尼亚州,United States / 美国,USA,personal,2009,"California State Polytechnic University, Pomona / 加州州立理工大学波莫纳分校",,,,,,,,,,,,,,,,,,
Los Angeles / 洛杉矶,"34.05, -118.25",California / 加利福尼亚州,United States / 美国,USA,tourism,2009,Santa Monica Pier / 圣莫尼卡码头,,,,,,,,,,,,,,,,,,
Los Angeles / 洛杉矶,"34.05, -118.25",California / 加利福尼亚州,United States / 美国,USA,tourism,2009,Getty Center / 盖蒂中心,,,,,,,,,,,,,,,,,,
Los Angeles / 洛杉矶,"34.05, -118.25",California / 加利福尼亚州,United States / 美国,USA,tourism,2009,Walt Disney Concert Hall / 华特·迪士尼音乐厅,,,,,,,,,,,,,,,,,,
Los Angeles / 洛杉矶,"34.05, -118.25",California / 加利福尼亚州,United States / 美国,USA,tourism,2009,Hollywood Walk of Fame / 好莱坞星光大道,,,,,,,,,,,,,,,,,,
Los Angeles / 洛杉矶,"34.05, -118.25",California / 加利福尼亚州,United States / 美国,USA,tourism,2009,Universal Studios Hollywood / 好莱坞环球影城,,,,,,,,,,,,,,,,,,
San Diego / 圣迭戈,"32.715, -117.1625",California / 加利福尼亚州,United States / 美国,USA,tourism,2009,Unconditional Surrender Statue / 无条件投降雕像,,,,,,,,,,,,,,,,,,
Anaheim / 阿纳海姆,"33.836111, -117.889722",California / 加利福尼亚州,United States / 美国,USA,tourism,2009,Disneyland / 迪士尼乐园,,,,,,,,,,,,,,,,,,
Leesburg / 利斯堡,"39.1156, -77.5644",Virginia / 弗吉尼亚州,United States / 美国,USA,airport,2009,IAD - Washington Dulles International Airport / 华盛顿杜勒斯国际机场,,,,,,,,,,,,,,,,,,
Washington DC / 华盛顿,"38.904722, -77.016389",District of Columbia / 哥伦比亚特区,United States / 美国,USA,tourism,2009,National Air and Space Museum / 国家航空和航天博物馆,,,,,,,,,,,,,,,,,,
Washington DC / 华盛顿,"38.904722, -77.016389",District of Columbia / 哥伦比亚特区,United States / 美国,USA,tourism,2009,Washington Monument / 华盛顿纪念碑,,,,,,,,,,,,,,,,,,
Washington DC / 华盛顿,"38.904722, -77.016389",District of Columbia / 哥伦比亚特区,United States / 美国,USA,tourism,2009,Lincoln Memorial / 林肯纪念堂,,,,,,,,,,,,,,,,,,
Washington DC / 华盛顿,"38.904722, -77.016389",District of Columbia / 哥伦比亚特区,United States / 美国,USA,tourism,2009,White House / 白宫,,,,,,,,,,,,,,,,,,
Washington DC / 华盛顿,"38.904722, -77.016389",District of Columbia / 哥伦比亚特区,United States / 美国,USA,tourism,2009,United States Capitol / 美国国会大厦,,,,,,,,,,,,,,,,,,
Philadelphia / 费城,"39.9528, -75.1636",Pennsylvania / 宾夕法尼亚州,United States / 美国,USA,tourism,2009,Independence Hall / 美国独立纪念馆,,,,,,,,,,,,,,,,,,
Niagara Falls / 尼亚加拉瀑布城,"43.1, -79.016667",New York / 纽约州,United States / 美国,USA,tourism,2009,Niagara Falls / 尼亚加拉瀑布,,,,,,,,,,,,,,,,,,
Cambridge / 剑桥,"42.373611, -71.110556",Massachusetts / 马萨诸塞州,United States / 美国,USA,tourism,2009,Harvard University / 哈佛大学,,,,,,,,,,,,,,,,,,
Cambridge / 剑桥,"42.373611, -71.110556",Massachusetts / 马萨诸塞州,United States / 美国,USA,tourism,2009,Massachusetts Institute of Technology / 麻省理工学院,,,,,,,,,,,,,,,,,,
New Haven / 纽黑文,"41.3083, -72.925",Connecticut / 康涅狄格州,United States / 美国,USA,tourism,2009,Yale University / 耶鲁大学,,,,,,,,,,,,,,,,,,
New York / 纽约,"40.7128, -74.0061",New York / 纽约州,United States / 美国,USA,tourism,2009,Statue of Liberty / 自由女神像,,,,,,,,,,,,,,,,,,
New York / 纽约,"40.7128, -74.0061",New York / 纽约州,United States / 美国,USA,tourism,2009,Times Square / 时代广场,,,,,,,,,,,,,,,,,,
New York / 纽约,"40.7128, -74.0061",New York / 纽约州,United States / 美国,USA,tourism,2009,Brooklyn Bridge / 布鲁克林大桥,,,,,,,,,,,,,,,,,,
New York / 纽约,"40.7128, -74.0061",New York / 纽约州,United States / 美国,USA,tourism,2009,Fifth Avenue / 第五大道,,,,,,,,,,,,,,,,,,
New York / 纽约,"40.7128, -74.0061",New York / 纽约州,United States / 美国,USA,tourism,2009,Headquarters of the United Nations / 联合国总部大楼,,,,,,,,,,,,,,,,,,
New York / 纽约,"40.7128, -74.0061",New York / 纽约州,United States / 美国,USA,airport,2009,JFK - John F. Kennedy International Airport / 约翰·肯尼迪国际机场,,,,,,,,,,,,,,,,,,
Qingdao / 青岛,"36.0669, 120.3827",Shandong / 山东省,China / 中国,CHN,tourism,2011,May Fourth Square / 五四广场,,,,,,,,,,,,,,,,,,
Qingdao / 青岛,"36.0669, 120.3827",Shandong / 山东省,China / 中国,CHN,tourism,2011,Signal Hill Park / 信号山公园,,,,,,,,,,,,,,,,,,
Qingdao / 青岛,"36.0669, 120.3827",Shandong / 山东省,China / 中国,CHN,tourism,2011,Badaguan / 八大关,,,,,,,,,,,,,,,,,,
Qingdao / 青岛,"36.0669, 120.3827",Shandong / 山东省,China / 中国,CHN,tourism,2011,Qingdao Aquarium / 青岛水族馆,,,,,,,,,,,,,,,,,,
Qingdao / 青岛,"36.0669, 120.3827",Shandong / 山东省,China / 中国,CHN,tourism,2011,Qingdao International Sailing Centre / 青岛奥林匹克帆船中心,,,,,,,,,,,,,,,,,,
Qingdao / 青岛,"36.0669, 120.3827",Shandong / 山东省,China / 中国,CHN,tourism,2011,Mount Lao / 崂山,,,,,,,,,,,,,,,,,,
Yantai / 烟台,"37.4646, 121.4478",Shandong / 山东省,China / 中国,CHN,tourism,2011,Penglaige / 蓬莱阁,,,,,,,,,,,,,,,,,,
Weihai / 威海,"37.5133, 122.1205",Shandong / 山东省,China / 中国,CHN,tourism,2011,Liugong Island / 刘公岛,,,,,,,,,,,,,,,,,,
Dalian / 大连,"38.9, 121.6",Liaoning / 辽宁省,China / 中国,CHN,tourism,2011,Xinghai Square / 星海广场,,,,,,,,,,,,,,,,,,
Dalian / 大连,"38.9, 121.6",Liaoning / 辽宁省,China / 中国,CHN,tourism,2011,Lüshunkou / 旅顺口,,,,,,,,,,,,,,,,,,
Dalian / 大连,"38.9, 121.6",Liaoning / 辽宁省,China / 中国,CHN,airport,2011,DLC - Dalian Zhoushuizi International Airport / 大连周水子国际机场,,,,,,,,,,,,,,,,,,
Kaifeng / 开封,"34.795, 114.345",Henan / 河南省,China / 中国,CHN,tourism,2014,Little Song City / 汴梁小宋城,,,,,,,,,,,,,,,,,,
Jinan / 济南,"36.6702, 117.0207",Shandong / 山东省,China / 中国,CHN,personal,2014,Shandong University / 山东大学,,,,,,,,,,,,,,,,,,
Jinan / 济南,"36.6702, 117.0207",Shandong / 山东省,China / 中国,CHN,tourism,2014,Baotu Spring / 趵突泉,,,,,,,,,,,,,,,,,,
Jinan / 济南,"36.6702, 117.0207",Shandong / 山东省,China / 中国,CHN,tourism,2014,Daming Lake / 大明湖,,,,,,,,,,,,,,,,,,
Beijing / 北京,"39.906667, 116.3975",Beijing / 北京市,China / 中国,CHN,tourism,2011,Olympic Green / 奥林匹克公园,,,,,,,,,,,,,,,,,,
Beijing / 北京,"39.906667, 116.3975",Beijing / 北京市,China / 中国,CHN,tourism,2011,China Science and Technology Museum / 中国科学技术馆,,,,,,,,,,,,,,,,,,
Beijing / 北京,"39.906667, 116.3975",Beijing / 北京市,China / 中国,CHN,tourism,2011,Tsinghua University / 清华大学,,,,,,,,,,,,,,,,,,
Beijing / 北京,"39.906667, 116.3975",Beijing / 北京市,China / 中国,CHN,tourism,2011,Juyong Pass Great Wall / 居庸关长城,,,,,,,,,,,,,,,,,,
Beijing / 北京,"39.906667, 116.3975",Beijing / 北京市,China / 中国,CHN,tourism,2011,Tiananmen Square / 天安门广场,,,,,,,,,,,,,,,,,,
Beijing / 北京,"39.906667, 116.3975",Beijing / 北京市,China / 中国,CHN,tourism,2011,Summer Palace / 颐和园,,,,,,,,,,,,,,,,,,
Guangzhou / 广州,"23.13, 113.26",Guangdong / 广东省,China / 中国,CHN,airport,2014,CAN - Guangzhou Baiyun International Airport / 广州白云国际机场,,,,,,,,,,,,,,,,,,
Melbourne / 墨尔本,"-37.814167, 144.963056",Victoria / 维多利亚州,Australia / 澳大利亚,AUS,airport,2014,MEL - Melbourne Airport / 墨尔本机场,,,,,,,,,,,,,,,,,,
Melbourne / 墨尔本,"-37.814167, 144.963056",Victoria / 维多利亚州,Australia / 澳大利亚,AUS,tourism,2014,St Paul's Cathedral / 圣保罗座堂,,,,,,,,,,,,,,,,,,
Melbourne / 墨尔本,"-37.814167, 144.963056",Victoria / 维多利亚州,Australia / 澳大利亚,AUS,tourism,2014,Royal Botanic Gardens Victoria / 维多利亚皇家植物园,,,,,,,,,,,,,,,,,,
Melbourne / 墨尔本,"-37.814167, 144.963056",Victoria / 维多利亚州,Australia / 澳大利亚,AUS,tourism,2014,Federation Square / 联邦广场,,,,,,,,,,,,,,,,,,
Melbourne / 墨尔本,"-37.814167, 144.963056",Victoria / 维多利亚州,Australia / 澳大利亚,AUS,tourism,2014,National Gallery of Victoria / 维多利亚国立美术馆,,,,,,,,,,,,,,,,,,
Gold Coast / 黄金海岸,"-27.9983, 153.3344",Queensland / 昆士兰州,Australia / 澳大利亚,AUS,airport,2014,OOL - Gold Coast Airport / 黄金海岸机场,,,,,,,,,,,,,,,,,,
Brisbane / 布里斯班,"-27.467778, 153.028056",Queensland / 昆士兰州,Australia / 澳大利亚,AUS,tourism,2014,Brisbane City Hall / 布里斯班市政厅,,,,,,,,,,,,,,,,,,
Brisbane / 布里斯班,"-27.467778, 153.028056",Queensland / 昆士兰州,Australia / 澳大利亚,AUS,tourism,2014,Story Bridge / 故事桥,,,,,,,,,,,,,,,,,,
Brisbane / 布里斯班,"-27.467778, 153.028056",Queensland / 昆士兰州,Australia / 澳大利亚,AUS,tourism,2014,South Bank Parklands / 南岸公园,,,,,,,,,,,,,,,,,,
Gold Coast / 黄金海岸,"-27.9983, 153.3344",Queensland / 昆士兰州,Australia / 澳大利亚,AUS,tourism,2014,Gold Coast / 黄金海岸,,,,,,,,,,,,,,,,,,
Gold Coast / 黄金海岸,"-27.9983, 153.3344",Queensland / 昆士兰州,Australia / 澳大利亚,AUS,tourism,2014,Paradise Country / 天堂农庄,,,,,,,,,,,,,,,,,,
Gold Coast / 黄金海岸,"-27.9983, 153.3344",Queensland / 昆士兰州,Australia / 澳大利亚,AUS,tourism,2014,Warner Bros. Movie World / 华纳兄弟电影世界,,,,,,,,,,,,,,,,,,
Auckland / 奥克兰,"-36.8492, 174.7653",Auckland / 奥克兰大区,New Zealand / 新西兰,NZL,airport,2014,AKL - Auckland Airport / 奥克兰机场,,,,,,,,,,,,,,,,,,
Auckland / 奥克兰,"-36.8492, 174.7653",Auckland / 奥克兰大区,New Zealand / 新西兰,NZL,tourism,2014,Maungawhau / 伊甸山,,,,,,,,,,,,,,,,,,
Auckland / 奥克兰,"-36.8492, 174.7653",Auckland / 奥克兰大区,New Zealand / 新西兰,NZL,tourism,2014,Auckland War Memorial Museum / 奥克兰战争纪念博物馆,,,,,,,,,,,,,,,,,,
Auckland / 奥克兰,"-36.8492, 174.7653",Auckland / 奥克兰大区,New Zealand / 新西兰,NZL,tourism,2014,Auckland Botanic Gardens / 奥克兰植物园,,,,,,,,,,,,,,,,,,
Rotorua / 罗托鲁瓦,"-38.137778, 176.251389",Bay of Plenty / 丰盛湾大区,New Zealand / 新西兰,NZL,tourism,2014,Whakarewarewa / 华卡雷瓦雷瓦,,,,,,,,,,,,,,,,,,
Rotorua / 罗托鲁瓦,"-38.137778, 176.251389",Bay of Plenty / 丰盛湾大区,New Zealand / 新西兰,NZL,tourism,2014,New Zealand Māori Arts and Crafts Institute / 新西兰毛利文化艺术中心,,,,,,,,,,,,,,,,,,
Rotorua / 罗托鲁瓦,"-38.137778, 176.251389",Bay of Plenty / 丰盛湾大区,New Zealand / 新西兰,NZL,tourism,2014,Redwoods Forest / 华卡雷瓦雷瓦红杉林,,,,,,,,,,,,,,,,,,
Rotorua / 罗托鲁瓦,"-38.137778, 176.251389",Bay of Plenty / 丰盛湾大区,New Zealand / 新西兰,NZL,tourism,2014,Agrodome / 爱歌多牧场,,,,,,,,,,,,,,,,,,
Sydney / 悉尼,"-33.867778, 151.21",New South Wales / 新南威尔士州,Australia / 澳大利亚,AUS,airport,2014,SYD - Sydney Kingsford Smith Airport / 悉尼金斯福德·史密斯机场,,,,,,,,,,,,,,,,,,
Sydney / 悉尼,"-33.867778, 151.21",New South Wales / 新南威尔士州,Australia / 澳大利亚,AUS,tourism,2014,Sydney Opera House / 悉尼歌剧院,,,,,,,,,,,,,,,,,,
Sydney / 悉尼,"-33.867778, 151.21",New South Wales / 新南威尔士州,Australia / 澳大利亚,AUS,tourism,2014,Sydney Harbour Bridge / 悉尼海港大桥,,,,,,,,,,,,,,,,,,
Sydney / 悉尼,"-33.867778, 151.21",New South Wales / 新南威尔士州,Australia / 澳大利亚,AUS,tourism,2014,St Mary's Cathedral / 圣母主教座堂,,,,,,,,,,,,,,,,,,
Sydney / 悉尼,"-33.867778, 151.21",New South Wales / 新南威尔士州,Australia / 澳大利亚,AUS,tourism,2014,University of Sydney / 悉尼大学,,,,,,,,,,,,,,,,,,
Sydney / 悉尼,"-33.867778, 151.21",New South Wales / 新南威尔士州,Australia / 澳大利亚,AUS,tourism,2014,Bondi Beach / 邦代海滩,,,,,,,,,,,,,,,,,,
Sydney / 悉尼,"-33.867778, 151.21",New South Wales / 新南威尔士州,Australia / 澳大利亚,AUS,tourism,2014,Sydney Fish Market / 悉尼鱼市场,,,,,,,,,,,,,,,,,,
Sydney / 悉尼,"-33.867778, 151.21",New South Wales / 新南威尔士州,Australia / 澳大利亚,AUS,tourism,2014,Sydney Olympic Park / 悉尼奥林匹克公园,,,,,,,,,,,,,,,,,,
Hong Kong / 香港,"22.3, 114.2",Central and Western / 中西区,Hong Kong SAR / 香港,HKG,home,2014,,,,,,,,,,,,,,,,,,,
Hong Kong / 香港,"22.3, 114.3",Central and Western / 中西区,Hong Kong SAR / 香港,HKG,home,2015,,,,,,,,,,,,,,,,,,,
Hong Kong / 香港,"22.3, 114.4",Central and Western / 中西区,Hong Kong SAR / 香港,HKG,home,2016,,,,,,,,,,,,,,,,,,,
Hong Kong / 香港,"22.3, 114.5",Central and Western / 中西区,Hong Kong SAR / 香港,HKG,home,2017,,,,,,,,,,,,,,,,,,,
Hong Kong / 香港,"22.3, 114.6",Central and Western / 中西区,Hong Kong SAR / 香港,HKG,home,2018,,,,,,,,,,,,,,,,,,,
Hong Kong / 香港,"22.3, 114.7",Central and Western / 中西区,Hong Kong SAR / 香港,HKG,university,2014,Hong Kong Polytechnic University / 香港理工大学,,,,,,,,,,,,,,,,,,
Hong Kong / 香港,"22.3, 114.8",Central and Western / 中西区,Hong Kong SAR / 香港,HKG,university,2015,Hong Kong Polytechnic University / 香港理工大学,,,,,,,,,,,,,,,,,,
Hong Kong / 香港,"22.3, 114.9",Central and Western / 中西区,Hong Kong SAR / 香港,HKG,university,2016,Hong Kong Polytechnic University / 香港理工大学,,,,,,,,,,,,,,,,,,
Hong Kong / 香港,"22.3, 114.10",Central and Western / 中西区,Hong Kong SAR / 香港,HKG,university,2017,Hong Kong Polytechnic University / 香港理工大学,,,,,,,,,,,,,,,,,,
Hong Kong / 香港,"22.3, 114.11",Central and Western / 中西区,Hong Kong SAR / 香港,HKG,university,2018,Hong Kong Polytechnic University / 香港理工大学,,,,,,,,,,,,,,,,,,
Hong Kong / 香港,"22.3, 114.12",Central and Western / 中西区,Hong Kong SAR / 香港,HKG,airport,2014,HKG - Hong Kong International Airport / 香港国际机场,,,,,,,,,,,,,,,,,,
Hong Kong / 香港,"22.3, 114.13",Central and Western / 中西区,Hong Kong SAR / 香港,HKG,matchday,2014,Hong Kong Stadium / 香港大球场,,,,,,,,,,,,,,,,,,
Hong Kong / 香港,"22.3, 114.14",Central and Western / 中西区,Hong Kong SAR / 香港,HKG,tourism,2014,Victoria Harbour / 维多利亚港,,,,,,,,,,,,,,,,,,
Hong Kong / 香港,"22.3, 114.15",Central and Western / 中西区,Hong Kong SAR / 香港,HKG,tourism,2014,Golden Bauhinia Square / 金紫荆广场,,,,,,,,,,,,,,,,,,
Hong Kong / 香港,"22.3, 114.16",Central and Western / 中西区,Hong Kong SAR / 香港,HKG,tourism,2014,Ocean Park Hong Kong / 香港海洋公园,,,,,,,,,,,,,,,,,,
Hong Kong / 香港,"22.3, 114.16",Central and Western / 中西区,Hong Kong SAR / 香港,HKG,tourism,2014,Victoria Peak / 太平山,,,,,,,,,,,,,,,,,,
Shenzhen / 深圳,"22.546667, 114.054444",Guangdong / 广东省,China / 中国,CHN,personal,2014,,,,,,,,,,,,,,,,,,,
Macau / 澳门,"22.195833, 113.541389",São Lourenço / 风顺堂区,Macau SAR / 澳门,MAC,tourism,2014,Ruins of Saint Paul's / 大三巴牌坊,,,,,,,,,,,,,,,,,,
Macau / 澳门,"22.195833, 113.541389",São Lourenço / 风顺堂区,Macau SAR / 澳门,MAC,tourism,2014,Macau Tower Convention and Entertainment Center / 澳门旅游塔会展娱乐中心,,,,,,,,,,,,,,,,,,
Macau / 澳门,"22.195833, 113.541389",São Lourenço / 风顺堂区,Macau SAR / 澳门,MAC,tourism,2014,The Venetian Macao / 澳门威尼斯人,,,,,,,,,,,,,,,,,,
Hong Kong / 香港,"22.3, 114.12",Central and Western / 中西区,Hong Kong SAR / 香港,HKG,airport,2015,HKG - Hong Kong International Airport / 香港国际机场,,,,,,,,,,,,,,,,,,
Shenzhen / 深圳,"22.546667, 114.054444",Guangdong / 广东省,China / 中国,CHN,personal,2015,,,,,,,,,,,,,,,,,,,
Shenzhen / 深圳,"22.546667, 114.054444",Guangdong / 广东省,China / 中国,CHN,tourism,2015,Happy Valley Shenzhen / 深圳欢乐谷,,,,,,,,,,,,,,,,,,
Hong Kong / 香港,"22.3, 114.14",Central and Western / 中西区,Hong Kong SAR / 香港,HKG,tourism,2015,Victoria Harbour / 维多利亚港,,,,,,,,,,,,,,,,,,
Hong Kong / 香港,"22.3, 114.15",Central and Western / 中西区,Hong Kong SAR / 香港,HKG,tourism,2015,Victoria Peak / 太平山,,,,,,,,,,,,,,,,,,
Guangzhou / 广州,"23.13, 113.26",Guangdong / 广东省,China / 中国,CHN,matchday,2015,Yuexiushan Stadium / 越秀山体育场,,,,,,,,,,,,,,,,,,
Guangzhou / 广州,"23.13, 113.26",Guangdong / 广东省,China / 中国,CHN,matchday,2015,Tianhe Stadium / 天河体育场,,,,,,,,,,,,,,,,,,
Guangzhou / 广州,"23.13, 113.26",Guangdong / 广东省,China / 中国,CHN,tourism,2015,Yuexiu Park / 越秀公园,,,,,,,,,,,,,,,,,,
Guangzhou / 广州,"23.13, 113.26",Guangdong / 广东省,China / 中国,CHN,tourism,2015,Shamian / 沙面,,,,,,,,,,,,,,,,,,
Guangzhou / 广州,"23.13, 113.26",Guangdong / 广东省,China / 中国,CHN,airport,2015,CAN - Guangzhou Baiyun International Airport / 广州白云国际机场,,,,,,,,,,,,,,,,,,
Guangzhou / 广州,"23.13, 113.26",Guangdong / 广东省,China / 中国,CHN,personal,2015,South China University of Technology / 华南理工大学,,,,,,,,,,,,,,,,,,
Guangzhou / 广州,"23.13, 113.26",Guangdong / 广东省,China / 中国,CHN,tourism,2015,Sacred Heart Cathedral / 石室圣心大教堂,,,,,,,,,,,,,,,,,,
Guangzhou / 广州,"23.13, 113.26",Guangdong / 广东省,China / 中国,CHN,tourism,2015,Canton Tower / 广州塔,,,,,,,,,,,,,,,,,,
Guangzhou / 广州,"23.13, 113.26",Guangdong / 广东省,China / 中国,CHN,tourism,2015,Sun Yat-sen University / 中山大学,,,,,,,,,,,,,,,,,,
Fuzhou / 福州,"26.0743, 119.2964",Fujian / 福建省,China / 中国,CHN,airport,2015,FOC - Fuzhou Changle International Airport / 福州长乐国际机场,,,,,,,,,,,,,,,,,,
Fuzhou / 福州,"26.0743, 119.2965",Fujian / 福建省,China / 中国,CHN,personal,2015,,,,,,,,,,,,,,,,,,,
Fuzhou / 福州,"26.0743, 119.2966",Fujian / 福建省,China / 中国,CHN,tourism,2015,Sanfang Qixiang / 三坊七巷,,,,,,,,,,,,,,,,,,
Fuzhou / 福州,"26.0743, 119.2967",Fujian / 福建省,China / 中国,CHN,tourism,2015,Fujian Museum / 福建博物院,,,,,,,,,,,,,,,,,,
Dubai / 迪拜,"25.204722, 55.270833",Dubai / 迪拜酋长国,United Arab Emirates / 阿拉伯联合酋长国,ARE,airport,2015,DXB - Dubai International Airport / 迪拜国际机场,,,,,,,,,,,,,,,,,,
Athens / 雅典,"37.984167, 23.728056",Attica / 阿提卡大区,Greece / 希腊,GRC,airport,2015,ATH - Athens International Airport Eleftherios Venizelos / 雅典国际机场,,,,,,,,,,,,,,,,,,
Athens / 雅典,"37.984167, 23.728056",Attica / 阿提卡大区,Greece / 希腊,GRC,tourism,2015,Acropolis / 雅典卫城,,,,,,,,,,,,,,,,,,
Athens / 雅典,"37.984167, 23.728056",Attica / 阿提卡大区,Greece / 希腊,GRC,tourism,2015,Ancient Agora / 古市集,,,,,,,,,,,,,,,,,,
Athens / 雅典,"37.984167, 23.728056",Attica / 阿提卡大区,Greece / 希腊,GRC,tourism,2015,Roman Agora / 罗马市集,,,,,,,,,,,,,,,,,,
Athens / 雅典,"37.984167, 23.728056",Attica / 阿提卡大区,Greece / 希腊,GRC,tourism,2015,Panathenaic Stadium / 帕那辛纳克体育场,,,,,,,,,,,,,,,,,,
Athens / 雅典,"37.984167, 23.728056",Attica / 阿提卡大区,Greece / 希腊,GRC,tourism,2015,National Garden / 雅典国立花园,,,,,,,,,,,,,,,,,,
Santorini / 圣托里尼,"36.415, 25.4325",South Aegean / 南爱琴大区,Greece / 希腊,GRC,tourism,2015,Oia / 伊亚,,,,,,,,,,,,,,,,,,
Santorini / 圣托里尼,"36.415, 25.4325",South Aegean / 南爱琴大区,Greece / 希腊,GRC,airport,2015,JTR - Santorini International Airport / 圣托里尼机场,,,,,,,,,,,,,,,,,,
Rome / 罗马,"41.893333, 12.482778",Lazio / 拉齐奥大区,Italy / 意大利,ITA,airport,2015,FCO - Rome Fiumicino Airport / 罗马菲乌米奇诺机场,,,,,,,,,,,,,,,,,,
Rome / 罗马,"41.893333, 12.482778",Lazio / 拉齐奥大区,Italy / 意大利,ITA,tourism,2015,Colosseum / 罗马斗兽场,,,,,,,,,,,,,,,,,,
Rome / 罗马,"41.893333, 12.482778",Lazio / 拉齐奥大区,Italy / 意大利,ITA,tourism,2015,Roman Forum / 古罗马广场,,,,,,,,,,,,,,,,,,
Rome / 罗马,"41.893333, 12.482778",Lazio / 拉齐奥大区,Italy / 意大利,ITA,tourism,2015,Piazza Navona / 纳沃纳广场,,,,,,,,,,,,,,,,,,
Rome / 罗马,"41.893333, 12.482778",Lazio / 拉齐奥大区,Italy / 意大利,ITA,tourism,2015,Bocca della Verità / 真理之口,,,,,,,,,,,,,,,,,,
Rome / 罗马,"41.893333, 12.482778",Lazio / 拉齐奥大区,Italy / 意大利,ITA,tourism,2015,Pantheon / 万神庙,,,,,,,,,,,,,,,,,,
Rome / 罗马,"41.893333, 12.482778",Lazio / 拉齐奥大区,Italy / 意大利,ITA,tourism,2015,Trevi Fountain / 特雷维喷泉,,,,,,,,,,,,,,,,,,
Vatican City / 梵蒂冈,"41.9025, 12.4525",-,Vatican City / 梵蒂冈,VAT,tourism,2015,Vatican Museums / 梵蒂冈博物馆,,,,,,,,,,,,,,,,,,
Vatican City / 梵蒂冈,"41.9025, 12.4525",-,Vatican City / 梵蒂冈,VAT,tourism,2015,St. Peter's Basilica / 圣伯多禄大殿,,,,,,,,,,,,,,,,,,
Pisa / 比萨,"43.716667, 10.4",Tuscany / 托斯卡纳大区,Italy / 意大利,ITA,tourism,2015,Leaning Tower of Pisa / 比萨斜塔,,,,,,,,,,,,,,,,,,
Pisa / 比萨,"43.716667, 10.4",Tuscany / 托斯卡纳大区,Italy / 意大利,ITA,tourism,2015,Pisa Cathedral / 比萨主教座堂,,,,,,,,,,,,,,,,,,
Florence / 佛罗伦萨,"43.771389, 11.254167",Tuscany / 托斯卡纳大区,Italy / 意大利,ITA,tourism,2015,Cathedral of Saint Mary of the Flower / 圣母百花大教堂,,,,,,,,,,,,,,,,,,
Florence / 佛罗伦萨,"43.771389, 11.254167",Tuscany / 托斯卡纳大区,Italy / 意大利,ITA,tourism,2015,Uffizi Gallery / 乌菲齐美术馆,,,,,,,,,,,,,,,,,,
Florence / 佛罗伦萨,"43.771389, 11.254167",Tuscany / 托斯卡纳大区,Italy / 意大利,ITA,tourism,2015,Piazzale Michelangelo / 米开朗基罗广场,,,,,,,,,,,,,,,,,,
Florence / 佛罗伦萨,"43.771389, 11.254167",Tuscany / 托斯卡纳大区,Italy / 意大利,ITA,tourism,2015,Palazzo Pitti / 碧提宫,,,,,,,,,,,,,,,,,,
Florence / 佛罗伦萨,"43.771389, 11.254167",Tuscany / 托斯卡纳大区,Italy / 意大利,ITA,tourism,2015,Piazza della Signoria / 领主广场,,,,,,,,,,,,,,,,,,
Florence / 佛罗伦萨,"43.771389, 11.254167",Tuscany / 托斯卡纳大区,Italy / 意大利,ITA,tourism,2015,Ponte Vecchio / 老桥,,,,,,,,,,,,,,,,,,
Florence / 佛罗伦萨,"43.771389, 11.254167",Tuscany / 托斯卡纳大区,Italy / 意大利,ITA,tourism,2015,Basilica di Santa Croce / 圣十字圣殿,,,,,,,,,,,,,,,,,,
Milan / 米兰,"45.466944, 9.19",Lombardy / 伦巴第大区,Italy / 意大利,ITA,tourism,2015,Expo 2015 / 2015世界博览会,,,,,,,,,,,,,,,,,,
Milan / 米兰,"45.466944, 9.19",Lombardy / 伦巴第大区,Italy / 意大利,ITA,tourism,2015,Stadio Giuseppe Meazza / 朱塞佩·梅阿查球场,,,,,,,,,,,,,,,,,,
Milan / 米兰,"45.466944, 9.19",Lombardy / 伦巴第大区,Italy / 意大利,ITA,tourism,2015,Casa Milan / 米兰之家,,,,,,,,,,,,,,,,,,
Milan / 米兰,"45.466944, 9.19",Lombardy / 伦巴第大区,Italy / 意大利,ITA,tourism,2015,Milan Cathedral / 米兰主教座堂,,,,,,,,,,,,,,,,,,
Milan / 米兰,"45.466944, 9.19",Lombardy / 伦巴第大区,Italy / 意大利,ITA,tourism,2015,Galleria Vittorio Emanuele II / 埃马努埃莱二世拱廊街,,,,,,,,,,,,,,,,,,
Milan / 米兰,"45.466944, 9.19",Lombardy / 伦巴第大区,Italy / 意大利,ITA,tourism,2015,La Scala / 斯卡拉大剧院,,,,,,,,,,,,,,,,,,
Milan / 米兰,"45.466944, 9.19",Lombardy / 伦巴第大区,Italy / 意大利,ITA,tourism,2015,Sforza Castle / 斯福尔扎城堡,,,,,,,,,,,,,,,,,,
Venice / 威尼斯,"45.4375, 12.335833",Veneto / 威尼托大区,Italy / 意大利,ITA,tourism,2015,Grand Canal / 大运河,,,,,,,,,,,,,,,,,,
Venice / 威尼斯,"45.4375, 12.335833",Veneto / 威尼托大区,Italy / 意大利,ITA,tourism,2015,Piazza San Marco / 圣马可广场,,,,,,,,,,,,,,,,,,
Venice / 威尼斯,"45.4375, 12.335833",Veneto / 威尼托大区,Italy / 意大利,ITA,tourism,2015,Rialto Bridge / 里阿尔托桥,,,,,,,,,,,,,,,,,,
Venice / 威尼斯,"45.4375, 12.335833",Veneto / 威尼托大区,Italy / 意大利,ITA,tourism,2015,Bridge of Sighs / 叹息桥,,,,,,,,,,,,,,,,,,
Venice / 威尼斯,"45.4375, 12.335833",Veneto / 威尼托大区,Italy / 意大利,ITA,tourism,2015,Doge's Palace / 威尼斯总督府,,,,,,,,,,,,,,,,,,
Venice / 威尼斯,"45.4375, 12.335833",Veneto / 威尼托大区,Italy / 意大利,ITA,airport,2015,VCE - Venice Marco Polo Airport / 威尼斯马可·波罗机场,,,,,,,,,,,,,,,,,,
Barcelona / 巴塞罗那,"41.383333, 2.183333",Catalonia / 加泰罗尼亚自治区,Spain / 西班牙,ESP,airport,2015,BCN - Josep Tarradellas Barcelona–El Prat Airport / 巴塞罗那埃尔普拉特机场,,,,,,,,,,,,,,,,,,
Barcelona / 巴塞罗那,"41.383333, 2.183333",Catalonia / 加泰罗尼亚自治区,Spain / 西班牙,ESP,tourism,2015,Camp Nou / 诺坎普球场,,,,,,,,,,,,,,,,,,
Barcelona / 巴塞罗那,"41.383333, 2.183333",Catalonia / 加泰罗尼亚自治区,Spain / 西班牙,ESP,tourism,2015,Montjuïc / 蒙锥克山,,,,,,,,,,,,,,,,,,
Barcelona / 巴塞罗那,"41.383333, 2.183333",Catalonia / 加泰罗尼亚自治区,Spain / 西班牙,ESP,tourism,2015,Poble Espanyol / 小西班牙,,,,,,,,,,,,,,,,,,
Barcelona / 巴塞罗那,"41.383333, 2.183333",Catalonia / 加泰罗尼亚自治区,Spain / 西班牙,ESP,tourism,2015,Palau Nacional / 国家宫,,,,,,,,,,,,,,,,,,
Barcelona / 巴塞罗那,"41.383333, 2.183333",Catalonia / 加泰罗尼亚自治区,Spain / 西班牙,ESP,tourism,2015,La Rambla / 兰布拉大道,,,,,,,,,,,,,,,,,,
Barcelona / 巴塞罗那,"41.383333, 2.183333",Catalonia / 加泰罗尼亚自治区,Spain / 西班牙,ESP,tourism,2015,Cathedral of the Holy Cross and Saint Eulalia / 巴塞罗那主教座堂,,,,,,,,,,,,,,,,,,
Barcelona / 巴塞罗那,"41.383333, 2.183333",Catalonia / 加泰罗尼亚自治区,Spain / 西班牙,ESP,tourism,2015,Casa Batlló / 巴特略之家,,,,,,,,,,,,,,,,,,
Barcelona / 巴塞罗那,"41.383333, 2.183333",Catalonia / 加泰罗尼亚自治区,Spain / 西班牙,ESP,tourism,2015,Casa Milà / 米拉之家,,,,,,,,,,,,,,,,,,
Barcelona / 巴塞罗那,"41.383333, 2.183333",Catalonia / 加泰罗尼亚自治区,Spain / 西班牙,ESP,tourism,2015,Sagrada Família / 圣家堂,,,,,,,,,,,,,,,,,,
Barcelona / 巴塞罗那,"41.383333, 2.183333",Catalonia / 加泰罗尼亚自治区,Spain / 西班牙,ESP,tourism,2015,Park Güell / 桂尔公园,,,,,,,,,,,,,,,,,,
Madrid / 马德里,"40.4169, -3.7033",Madrid / 马德里自治区,Spain / 西班牙,ESP,tourism,2015,Bernabéu / 伯纳乌球场,,,,,,,,,,,,,,,,,,
Madrid / 马德里,"40.4169, -3.7033",Madrid / 马德里自治区,Spain / 西班牙,ESP,tourism,2015,Puerta del Sol / 太阳门广场,,,,,,,,,,,,,,,,,,
Madrid / 马德里,"40.4169, -3.7033",Madrid / 马德里自治区,Spain / 西班牙,ESP,tourism,2015,Museo del Prado / 普拉多博物馆,,,,,,,,,,,,,,,,,,
Madrid / 马德里,"40.4169, -3.7033",Madrid / 马德里自治区,Spain / 西班牙,ESP,tourism,2015,Royal Palace of Madrid / 马德里王宫,,,,,,,,,,,,,,,,,,
Granada / 格拉纳达,"37.175, -3.6",Andalusia / 安达卢西亚自治区,Spain / 西班牙,ESP,tourism,2015,Albaicín / 阿尔拜辛,,,,,,,,,,,,,,,,,,
Granada / 格拉纳达,"37.175, -3.6",Andalusia / 安达卢西亚自治区,Spain / 西班牙,ESP,tourism,2015,Alhambra / 阿尔罕布拉宫,,,,,,,,,,,,,,,,,,
Málaga / 马拉加,"36.719444, -4.42",Andalusia / 安达卢西亚自治区,Spain / 西班牙,ESP,tourism,2015,Alcazaba / 马拉加城堡,,,,,,,,,,,,,,,,,,
Málaga / 马拉加,"36.719444, -4.42",Andalusia / 安达卢西亚自治区,Spain / 西班牙,ESP,tourism,2015,Costa del Sol / 太阳海岸,,,,,,,,,,,,,,,,,,
Málaga / 马拉加,"36.719444, -4.42",Andalusia / 安达卢西亚自治区,Spain / 西班牙,ESP,airport,2015,AGP - Málaga–Costa del Sol Airport / 马拉加太阳海岸机场,,,,,,,,,,,,,,,,,,
Lisbon / 里斯本,"38.725278, -9.15",Lisbon / 里斯本区,Portugal / 葡萄牙,PRT,airport,2015,LIS - Humberto Delgado Airport / 温贝托·德尔加多机场,,,,,,,,,,,,,,,,,,
Lisbon / 里斯本,"38.725278, -9.15",Lisbon / 里斯本区,Portugal / 葡萄牙,PRT,tourism,2015,Rossio / 罗西乌广场,,,,,,,,,,,,,,,,,,
Lisbon / 里斯本,"38.725278, -9.15",Lisbon / 里斯本区,Portugal / 葡萄牙,PRT,tourism,2015,Ascensor da Glória / 荣耀升降机,,,,,,,,,,,,,,,,,,
Lisbon / 里斯本,"38.725278, -9.15",Lisbon / 里斯本区,Portugal / 葡萄牙,PRT,tourism,2015,Belém Tower / 贝伦塔,,,,,,,,,,,,,,,,,,
Lisbon / 里斯本,"38.725278, -9.15",Lisbon / 里斯本区,Portugal / 葡萄牙,PRT,tourism,2015,Jerónimos Monastery / 热罗尼莫斯修道院,,,,,,,,,,,,,,,,,,
Lisbon / 里斯本,"38.725278, -9.15",Lisbon / 里斯本区,Portugal / 葡萄牙,PRT,tourism,2015,Monument of the Discoveries / 发现者纪念碑,,,,,,,,,,,,,,,,,,
Sintra / 辛特拉,"38.799167, -9.388333",Lisbon / 里斯本区,Portugal / 葡萄牙,PRT,tourism,2015,Cabo da Roca / 罗卡角,,,,,,,,,,,,,,,,,,
Sintra / 辛特拉,"38.799167, -9.388333",Lisbon / 里斯本区,Portugal / 葡萄牙,PRT,tourism,2015,Sintra National Palace / 辛特拉宫,,,,,,,,,,,,,,,,,,
Sintra / 辛特拉,"38.799167, -9.388333",Lisbon / 里斯本区,Portugal / 葡萄牙,PRT,tourism,2015,Quinta da Regaleira / 雷加莱拉庄园,,,,,,,,,,,,,,,,,,
Sintra / 辛特拉,"38.799167, -9.388333",Lisbon / 里斯本区,Portugal / 葡萄牙,PRT,tourism,2015,Pena Palace / 佩纳宫,,,,,,,,,,,,,,,,,,
Istanbul / 伊斯坦布尔,"41.013611, 28.955",Istanbul / 伊斯坦布尔省,Türkiye / 土耳其,TUR,airport,2015,ISL - Atatürk Airport / 阿塔图尔克机场,,,,,,,,,,,,,,,,,,
Hong Kong / 香港,"22.3, 114.15",Central and Western / 中西区,Hong Kong SAR / 香港,HKG,tourism,2015,Kowloon Walled City Park - 九龙寨城公园,,,,,,,,,,,,,,,,,,
Shenzhen / 深圳,"22.546667, 114.054444",Guangdong / 广东省,China / 中国,CHN,matchday,2015,Bao'an Stadium / 宝安体育场,,,,,,,,,,,,,,,,,,
Hong Kong / 香港,"22.3, 114.15",Central and Western / 中西区,Hong Kong SAR / 香港,HKG,tourism,2015,Hong Kong Central Library / 香港中央图书馆,,,,,,,,,,,,,,,,,,
Hong Kong / 香港,"22.3, 114.15",Central and Western / 中西区,Hong Kong SAR / 香港,HKG,matchday,2015,Mong Kok Stadium / 旺角大球场,,,,,,,,,,,,,,,,,,
Hong Kong / 香港,"22.3, 114.15",Central and Western / 中西区,Hong Kong SAR / 香港,HKG,tourism,2015,Tung Choi Street / 通菜街,,,,,,,,,,,,,,,,,,
Bangkok / 曼谷,"13.7525, 100.494167",Bangkok / 曼谷特别直辖市,Thailand / 泰国,THA,airport,2015,DMK - Don Mueang International Airport / 廊曼国际机场,,,,,,,,,,,,,,,,,,
Bangkok / 曼谷,"13.7525, 100.494167",Bangkok / 曼谷特别直辖市,Thailand / 泰国,THA,tourism,2015,Grand Palace / 大皇宫,,,,,,,,,,,,,,,,,,
Bangkok / 曼谷,"13.7525, 100.494167",Bangkok / 曼谷特别直辖市,Thailand / 泰国,THA,tourism,2015,Jim Thompson House / 汤普生博物馆,,,,,,,,,,,,,,,,,,
Bangkok / 曼谷,"13.7525, 100.494167",Bangkok / 曼谷特别直辖市,Thailand / 泰国,THA,tourism,2015,Chulalongkorn University / 朱拉隆功大学,,,,,,,,,,,,,,,,,,
Bangkok / 曼谷,"13.7525, 100.494167",Bangkok / 曼谷特别直辖市,Thailand / 泰国,THA,tourism,2015,Khao San Road / 考山路,,,,,,,,,,,,,,,,,,
Bangkok / 曼谷,"13.7525, 100.494167",Bangkok / 曼谷特别直辖市,Thailand / 泰国,THA,tourism,2015,Ananta Samakhom Throne Hall / 阿南达沙玛空皇家御会馆,,,,,,,,,,,,,,,,,,
Phra Nakhon Si Ayutthaya / 大城,"14.347778, 100.560556",Phra Nakhon Si Ayutthaya / 大城府,Thailand / 泰国,THA,tourism,2015,Wat Yai Chai Mongkhon / 差蒙空寺,,,,,,,,,,,,,,,,,,
Phra Nakhon Si Ayutthaya / 大城,"14.347778, 100.560556",Phra Nakhon Si Ayutthaya / 大城府,Thailand / 泰国,THA,tourism,2015,Wat Lokayasutharam / 罗卡雅苏塔寺,,,,,,,,,,,,,,,,,,
Phra Nakhon Si Ayutthaya / 大城,"14.347778, 100.560556",Phra Nakhon Si Ayutthaya / 大城府,Thailand / 泰国,THA,tourism,2015,Wat Mahathat / 玛哈泰寺,,,,,,,,,,,,,,,,,,
Krabi / 甲米,"8.059167, 98.918889",Krabi / 甲米府,Thailand / 泰国,THA,tourism,2015,Tiger Cave Temple / 虎窟寺,,,,,,,,,,,,,,,,,,
Krabi / 甲米,"8.059167, 98.918889",Krabi / 甲米府,Thailand / 泰国,THA,tourism,2015,Railay Beach / 莱莉海滩,,,,,,,,,,,,,,,,,,
Krabi / 甲米,"8.059167, 98.918889",Krabi / 甲米府,Thailand / 泰国,THA,tourism,2015,Phi Phi Islands / 披披群岛,,,,,,,,,,,,,,,,,,
Krabi / 甲米,"8.059167, 98.918889",Krabi / 甲米府,Thailand / 泰国,THA,airport,2015,KBV - Krabi International Airport / 甲米国际机场,,,,,,,,,,,,,,,,,,
Chiang Mai / 清迈,"18.795278, 98.998611",Chiang Mai / 清迈府,Thailand / 泰国,THA,airport,2015,CNX - Chiang Mai International Airport / 清迈国际机场,,,,,,,,,,,,,,,,,,
Chiang Mai / 清迈,"18.795278, 98.998611",Chiang Mai / 清迈府,Thailand / 泰国,THA,tourism,2015,Bhubing Palace / 蒲屏皇宫,,,,,,,,,,,,,,,,,,
Chiang Mai / 清迈,"18.795278, 98.998611",Chiang Mai / 清迈府,Thailand / 泰国,THA,tourism,2015,Wat Phra That Doi Suthep / 双龙寺,,,,,,,,,,,,,,,,,,
Chiang Mai / 清迈,"18.795278, 98.998611",Chiang Mai / 清迈府,Thailand / 泰国,THA,tourism,2015,Wat Phan Tao / 盼道寺,,,,,,,,,,,,,,,,,,
Chiang Mai / 清迈,"18.795278, 98.998611",Chiang Mai / 清迈府,Thailand / 泰国,THA,tourism,2015,Wat Chedi Luang / 契迪龙寺,,,,,,,,,,,,,,,,,,
Chiang Rai / 清莱,"19.909444, 99.8275",Chiang Rai / 清莱府,Thailand / 泰国,THA,tourism,2015,Wat Rong Khun / 白龙寺,,,,,,,,,,,,,,,,,,
Chiang Rai / 清莱,"19.909444, 99.8275",Chiang Rai / 清莱府,Thailand / 泰国,THA,tourism,2015,Baan Dam Museum / 黑屋博物馆,,,,,,,,,,,,,,,,,,
,,,,,,,,,,,,,,,,,,,,,,,,,
,,,,,,,,,,,,,,,,,,,,,,,,,
,,,,,,,,,,,,,,,,,,,,,,,,,
,,,,,,,,,,,,,,,,,,,,,,,,,
,,,,,,,,,,,,,,,,,,,,,,,,,
,,,,,,,,,,,,,,,,,,,,,,,,,
,,,,,,,,,,,,,,,,,,,,,,,,,
,,,,,,,,,,,,,,,,,,,,,,,,,
,,,,,,,,,,,,,,,,,,,,,,,,,
,,,,,,,,,,,,,,,,,,,,,,,,,
,,,,,,,,,,,,,,,,,,,,,,,,,
,,,,,,,,,,,,,,,,,,,,,,,,,
,,,,,,,,,,,,,,,,,,,,,,,,,
,,,,,,,,,,,,,,,,,,,,,,,,,
,,,,,,,,,,,,,,,,,,,,,,,,,
,,,,,,,,,,,,,,,,,,,,,,,,,
,,,,,,,,,,,,,,,,,,,,,,,,,
,,,,,,,,,,,,,,,,,,,,,,,,,
,,,,,,,,,,,,,,,,,,,,,,,,,
,,,,,,,,,,,,,,,,,,,,,,,,,
,,,,,,,,,,,,,,,,,,,,,,,,,
,,,,,,,,,,,,,,,,,,,,,,,,,
,,,,,,,,,,,,,,,,,,,,,,,,,
,,,,,,,,,,,,,,,,,,,,,,,,,
,,,,,,,,,,,,,,,,,,,,,,,,,
,,,,,,,,,,,,,,,,,,,,,,,,,
,,,,,,,,,,,,,,,,,,,,,,,,,
,,,,,,,,,,,,,,,,,,,,,,,,,
,,,,,,,,,,,,,,,,,,,,,,,,,
,,,,,,,,,,,,,,,,,,,,,,,,,
,,,,,,,,,,,,,,,,,,,,,,,,,
,,,,,,,,,,,,,,,,,,,,,,,,,
,,,,,,,,,,,,,,,,,,,,,,,,,
,,,,,,,,,,,,,,,,,,,,,,,,,
,,,,,,,,,,,,,,,,,,,,,,,,,
,,,,,,,,,,,,,,,,,,,,,,,,,
,,,,,,,,,,,,,,,,,,,,,,,,,
,,,,,,,,,,,,,,,,,,,,,,,,,
,,,,,,,,,,,,,,,,,,,,,,,,,
,,,,,,,,,,,,,,,,,,,,,,,,,
,,,,,,,,,,,,,,,,,,,,,,,,,
,,,,,,,,,,,,,,,,,,,,,,,,,
,,,,,,,,,,,,,,,,,,,,,,,,,
,,,,,,,,,,,,,,,,,,,,,,,,,
,,,,,,,,,,,,,,,,,,,,,,,,,
,,,,,,,,,,,,,,,,,,,,,,,,,
,,,,,,,,,,,,,,,,,,,,,,,,,
,,,,,,,,,,,,,,,,,,,,,,,,,
,,,,,,,,,,,,,,,,,,,,,,,,,
,,,,,,,,,,,,,,,,,,,,,,,,,
,,,,,,,,,,,,,,,,,,,,,,,,,
,,,,,,,,,,,,,,,,,,,,,,,,,
,,,,,,,,,,,,,,,,,,,,,,,,,
,,,,,,,,,,,,,,,,,,,,,,,,,
,,,,,,,,,,,,,,,,,,,,,,,,,
,,,,,,,,,,,,,,,,,,,,,,,,,
,,,,,,,,,,,,,,,,,,,,,,,,,
,,,,,,,,,,,,,,,,,,,,,,,,,
,,,,,,,,,,,,,,,,,,,,,,,,,
,,,,,,,,,,,,,,,,,,,,,,,,,
,,,,,,,,,,,,,,,,,,,,,,,,,
,,,,,,,,,,,,,,,,,,,,,,,,,
,,,,,,,,,,,,,,,,,,,,,,,,,
,,,,,,,,,,,,,,,,,,,,,,,,,
,,,,,,,,,,,,,,,,,,,,,,,,,
,,,,,,,,,,,,,,,,,,,,,,,,,
,,,,,,,,,,,,,,,,,,,,,,,,,
,,,,,,,,,,,,,,,,,,,,,,,,,
,,,,,,,,,,,,,,,,,,,,,,,,,
,,,,,,,,,,,,,,,,,,,,,,,,,
,,,,,,,,,,,,,,,,,,,,,,,,,
,,,,,,,,,,,,,,,,,,,,,,,,,
,,,,,,,,,,,,,,,,,,,,,,,,,
,,,,,,,,,,,,,,,,,,,,,,,,,
,,,,,,,,,,,,,,,,,,,,,,,,,
,,,,,,,,,,,,,,,,,,,,,,,,,
,,,,,,,,,,,,,,,,,,,,,,,,,
,,,,,,,,,,,,,,,,,,,,,,,,,
,,,,,,,,,,,,,,,,,,,,,,,,,
,,,,,,,,,,,,,,,,,,,,,,,,,
,,,,,,,,,,,,,,,,,,,,,,,,,
,,,,,,,,,,,,,,,,,,,,,,,,,
,,,,,,,,,,,,,,,,,,,,,,,,,
,,,,,,,,,,,,,,,,,,,,,,,,,
,,,,,,,,,,,,,,,,,,,,,,,,,
,,,,,,,,,,,,,,,,,,,,,,,,,
,,,,,,,,,,,,,,,,,,,,,,,,,
,,,,,,,,,,,,,,,,,,,,,,,,,
,,,,,,,,,,,,,,,,,,,,,,,,,
,,,,,,,,,,,,,,,,,,,,,,,,,
,,,,,,,,,,,,,,,,,,,,,,,,,
,,,,,,,,,,,,,,,,,,,,,,,,,
,,,,,,,,,,,,,,,,,,,,,,,,,
,,,,,,,,,,,,,,,,,,,,,,,,,
,,,,,,,,,,,,,,,,,,,,,,,,,
,,,,,,,,,,,,,,,,,,,,,,,,,
,,,,,,,,,,,,,,,,,,,,,,,,,
,,,,,,,,,,,,,,,,,,,,,,,,,
,,,,,,,,,,,,,,,,,,,,,,,,,
,,,,,,,,,,,,,,,,,,,,,,,,,
,,,,,,,,,,,,,,,,,,,,,,,,,
,,,,,,,,,,,,,,,,,,,,,,,,,
,,,,,,,,,,,,,,,,,,,,,,,,,
,,,,,,,,,,,,,,,,,,,,,,,,,
,,,,,,,,,,,,,,,,,,,,,,,,,
,,,,,,,,,,,,,,,,,,,,,,,,,
,,,,,,,,,,,,,,,,,,,,,,,,,
,,,,,,,,,,,,,,,,,,,,,,,,,
,,,,,,,,,,,,,,,,,,,,,,,,,
,,,,,,,,,,,,,,,,,,,,,,,,,
,,,,,,,,,,,,,,,,,,,,,,,,,
,,,,,,,,,,,,,,,,,,,,,,,,,
,,,,,,,,,,,,,,,,,,,,,,,,,
,,,,,,,,,,,,,,,,,,,,,,,,,
,,,,,,,,,,,,,,,,,,,,,,,,,
,,,,,,,,,,,,,,,,,,,,,,,,,
,,,,,,,,,,,,,,,,,,,,,,,,,
,,,,,,,,,,,,,,,,,,,,,,,,,
,,,,,,,,,,,,,,,,,,,,,,,,,
,,,,,,,,,,,,,,,,,,,,,,,,,
,,,,,,,,,,,,,,,,,,,,,,,,,
,,,,,,,,,,,,,,,,,,,,,,,,,
,,,,,,,,,,,,,,,,,,,,,,,,,
,,,,,,,,,,,,,,,,,,,,,,,,,
,,,,,,,,,,,,,,,,,,,,,,,,,
,,,,,,,,,,,,,,,,,,,,,,,,,
,,,,,,,,,,,,,,,,,,,,,,,,,
,,,,,,,,,,,,,,,,,,,,,,,,,
,,,,,,,,,,,,,,,,,,,,,,,,,
,,,,,,,,,,,,,,,,,,,,,,,,,
,,,,,,,,,,,,,,,,,,,,,,,,,
,,,,,,,,,,,,,,,,,,,,,,,,,
,,,,,,,,,,,,,,,,,,,,,,,,,
,,,,,,,,,,,,,,,,,,,,,,,,,
,,,,,,,,,,,,,,,,,,,,,,,,,
,,,,,,,,,,,,,,,,,,,,,,,,,
,,,,,,,,,,,,,,,,,,,,,,,,,
,,,,,,,,,,,,,,,,,,,,,,,,,
,,,,,,,,,,,,,,,,,,,,,,,,,
,,,,,,,,,,,,,,,,,,,,,,,,,
,,,,,,,,,,,,,,,,,,,,,,,,,
,,,,,,,,,,,,,,,,,,,,,,,,,
,,,,,,,,,,,,,,,,,,,,,,,,,
,,,,,,,,,,,,,,,,,,,,,,,,,
,,,,,,,,,,,,,,,,,,,,,,,,,
,,,,,,,,,,,,,,,,,,,,,,,,,
,,,,,,,,,,,,,,,,,,,,,,,,,
,,,,,,,,,,,,,,,,,,,,,,,,,
,,,,,,,,,,,,,,,,,,,,,,,,,
,,,,,,,,,,,,,,,,,,,,,,,,,
,,,,,,,,,,,,,,,,,,,,,,,,,
,,,,,,,,,,,,,,,,,,,,,,,,,
,,,,,,,,,,,,,,,,,,,,,,,,,
,,,,,,,,,,,,,,,,,,,,,,,,,
,,,,,,,,,,,,,,,,,,,,,,,,,
,,,,,,,,,,,,,,,,,,,,,,,,,
,,,,,,,,,,,,,,,,,,,,,,,,,
,,,,,,,,,,,,,,,,,,,,,,,,,
,,,,,,,,,,,,,,,,,,,,,,,,,
,,,,,,,,,,,,,,,,,,,,,,,,,
,,,,,,,,,,,,,,,,,,,,,,,,,
,,,,,,,,,,,,,,,,,,,,,,,,,
,,,,,,,,,,,,,,,,,,,,,,,,,
,,,,,,,,,,,,,,,,,,,,,,,,,
,,,,,,,,,,,,,,,,,,,,,,,,,
,,,,,,,,,,,,,,,,,,,,,,,,,
,,,,,,,,,,,,,,,,,,,,,,,,,
,,,,,,,,,,,,,,,,,,,,,,,,,
,,,,,,,,,,,,,,,,,,,,,,,,,
,,,,,,,,,,,,,,,,,,,,,,,,,
,,,,,,,,,,,,,,,,,,,,,,,,,
,,,,,,,,,,,,,,,,,,,,,,,,,
,,,,,,,,,,,,,,,,,,,,,,,,,
,,,,,,,,,,,,,,,,,,,,,,,,,
,,,,,,,,,,,,,,,,,,,,,,,,,
,,,,,,,,,,,,,,,,,,,,,,,,,
,,,,,,,,,,,,,,,,,,,,,,,,,
,,,,,,,,,,,,,,,,,,,,,,,,,
,,,,,,,,,,,,,,,,,,,,,,,,,
,,,,,,,,,,,,,,,,,,,,,,,,,
,,,,,,,,,,,,,,,,,,,,,,,,,
,,,,,,,,,,,,,,,,,,,,,,,,,
,,,,,,,,,,,,,,,,,,,,,,,,,
,,,,,,,,,,,,,,,,,,,,,,,,,
,,,,,,,,,,,,,,,,,,,,,,,,,
,,,,,,,,,,,,,,,,,,,,,,,,,
,,,,,,,,,,,,,,,,,,,,,,,,,
,,,,,,,,,,,,,,,,,,,,,,,,,
,,,,,,,,,,,,,,,,,,,,,,,,,
,,,,,,,,,,,,,,,,,,,,,,,,,
,,,,,,,,,,,,,,,,,,,,,,,,,
,,,,,,,,,,,,,,,,,,,,,,,,,
,,,,,,,,,,,,,,,,,,,,,,,,,
,,,,,,,,,,,,,,,,,,,,,,,,,
,,,,,,,,,,,,,,,,,,,,,,,,,
,,,,,,,,,,,,,,,,,,,,,,,,,
,,,,,,,,,,,,,,,,,,,,,,,,,
,,,,,,,,,,,,,,,,,,,,,,,,,
,,,,,,,,,,,,,,,,,,,,,,,,,
,,,,,,,,,,,,,,,,,,,,,,,,,
,,,,,,,,,,,,,,,,,,,,,,,,,
,,,,,,,,,,,,,,,,,,,,,,,,,
,,,,,,,,,,,,,,,,,,,,,,,,,
,,,,,,,,,,,,,,,,,,,,,,,,,
,,,,,,,,,,,,,,,,,,,,,,,,,
,,,,,,,,,,,,,,,,,,,,,,,,,
,,,,,,,,,,,,,,,,,,,,,,,,,
,,,,,,,,,,,,,,,,,,,,,,,,,
,,,,,,,,,,,,,,,,,,,,,,,,,
,,,,,,,,,,,,,,,,,,,,,,,,,
,,,,,,,,,,,,,,,,,,,,,,,,,
,,,,,,,,,,,,,,,,,,,,,,,,,
,,,,,,,,,,,,,,,,,,,,,,,,,
,,,,,,,,,,,,,,,,,,,,,,,,,
,,,,,,,,,,,,,,,,,,,,,,,,,
,,,,,,,,,,,,,,,,,,,,,,,,,
,,,,,,,,,,,,,,,,,,,,,,,,,
,,,,,,,,,,,,,,,,,,,,,,,,,
,,,,,,,,,,,,,,,,,,,,,,,,,
,,,,,,,,,,,,,,,,,,,,,,,,,
,,,,,,,,,,,,,,,,,,,,,,,,,
,,,,,,,,,,,,,,,,,,,,,,,,,
,,,,,,,,,,,,,,,,,,,,,,,,,
,,,,,,,,,,,,,,,,,,,,,,,,,
,,,,,,,,,,,,,,,,,,,,,,,,,
,,,,,,,,,,,,,,,,,,,,,,,,,
,,,,,,,,,,,,,,,,,,,,,,,,,
,,,,,,,,,,,,,,,,,,,,,,,,,
,,,,,,,,,,,,,,,,,,,,,,,,,
,,,,,,,,,,,,,,,,,,,,,,,,,
,,,,,,,,,,,,,,,,,,,,,,,,,
,,,,,,,,,,,,,,,,,,,,,,,,,
,,,,,,,,,,,,,,,,,,,,,,,,,
,,,,,,,,,,,,,,,,,,,,,,,,,
,,,,,,,,,,,,,,,,,,,,,,,,,
,,,,,,,,,,,,,,,,,,,,,,,,,
,,,,,,,,,,,,,,,,,,,,,,,,,
,,,,,,,,,,,,,,,,,,,,,,,,,
,,,,,,,,,,,,,,,,,,,,,,,,,
,,,,,,,,,,,,,,,,,,,,,,,,,
,,,,,,,,,,,,,,,,,,,,,,,,,
,,,,,,,,,,,,,,,,,,,,,,,,,
,,,,,,,,,,,,,,,,,,,,,,,,,
,,,,,,,,,,,,,,,,,,,,,,,,,
,,,,,,,,,,,,,,,,,,,,,,,,,
,,,,,,,,,,,,,,,,,,,,,,,,,
,,,,,,,,,,,,,,,,,,,,,,,,,
,,,,,,,,,,,,,,,,,,,,,,,,,
,,,,,,,,,,,,,,,,,,,,,,,,,
,,,,,,,,,,,,,,,,,,,,,,,,,
,,,,,,,,,,,,,,,,,,,,,,,,,
,,,,,,,,,,,,,,,,,,,,,,,,,
,,,,,,,,,,,,,,,,,,,,,,,,,
,,,,,,,,,,,,,,,,,,,,,,,,,
,,,,,,,,,,,,,,,,,,,,,,,,,
,,,,,,,,,,,,,,,,,,,,,,,,,
,,,,,,,,,,,,,,,,,,,,,,,,,
,,,,,,,,,,,,,,,,,,,,,,,,,
,,,,,,,,,,,,,,,,,,,,,,,,,
,,,,,,,,,,,,,,,,,,,,,,,,,
,,,,,,,,,,,,,,,,,,,,,,,,,
,,,,,,,,,,,,,,,,,,,,,,,,,
,,,,,,,,,,,,,,,,,,,,,,,,,
,,,,,,,,,,,,,,,,,,,,,,,,,
,,,,,,,,,,,,,,,,,,,,,,,,,
,,,,,,,,,,,,,,,,,,,,,,,,,
,,,,,,,,,,,,,,,,,,,,,,,,,
,,,,,,,,,,,,,,,,,,,,,,,,,
,,,,,,,,,,,,,,,,,,,,,,,,,
,,,,,,,,,,,,,,,,,,,,,,,,,
,,,,,,,,,,,,,,,,,,,,,,,,,
,,,,,,,,,,,,,,,,,,,,,,,,,
,,,,,,,,,,,,,,,,,,,,,,,,,
,,,,,,,,,,,,,,,,,,,,,,,,,
,,,,,,,,,,,,,,,,,,,,,,,,,
,,,,,,,,,,,,,,,,,,,,,,,,,
,,,,,,,,,,,,,,,,,,,,,,,,,
,,,,,,,,,,,,,,,,,,,,,,,,,
,,,,,,,,,,,,,,,,,,,,,,,,,
,,,,,,,,,,,,,,,,,,,,,,,,,
,,,,,,,,,,,,,,,,,,,,,,,,,
,,,,,,,,,,,,,,,,,,,,,,,,,
,,,,,,,,,,,,,,,,,,,,,,,,,
,,,,,,,,,,,,,,,,,,,,,,,,,
,,,,,,,,,,,,,,,,,,,,,,,,,
,,,,,,,,,,,,,,,,,,,,,,,,,
,,,,,,,,,,,,,,,,,,,,,,,,,
,,,,,,,,,,,,,,,,,,,,,,,,,
,,,,,,,,,,,,,,,,,,,,,,,,,
,,,,,,,,,,,,,,,,,,,,,,,,,
,,,,,,,,,,,,,,,,,,,,,,,,,
,,,,,,,,,,,,,,,,,,,,,,,,,
,,,,,,,,,,,,,,,,,,,,,,,,,
,,,,,,,,,,,,,,,,,,,,,,,,,
,,,,,,,,,,,,,,,,,,,,,,,,,
,,,,,,,,,,,,,,,,,,,,,,,,,
,,,,,,,,,,,,,,,,,,,,,,,,,
,,,,,,,,,,,,,,,,,,,,,,,,,
,,,,,,,,,,,,,,,,,,,,,,,,,
,,,,,,,,,,,,,,,,,,,,,,,,,
,,,,,,,,,,,,,,,,,,,,,,,,,
,,,,,,,,,,,,,,,,,,,,,,,,,
,,,,,,,,,,,,,,,,,,,,,,,,,
,,,,,,,,,,,,,,,,,,,,,,,,,
,,,,,,,,,,,,,,,,,,,,,,,,,
,,,,,,,,,,,,,,,,,,,,,,,,,
,,,,,,,,,,,,,,,,,,,,,,,,,
,,,,,,,,,,,,,,,,,,,,,,,,,
,,,,,,,,,,,,,,,,,,,,,,,,,
,,,,,,,,,,,,,,,,,,,,,,,,,
,,,,,,,,,,,,,,,,,,,,,,,,,
,,,,,,,,,,,,,,,,,,,,,,,,,
,,,,,,,,,,,,,,,,,,,,,,,,,
,,,,,,,,,,,,,,,,,,,,,,,,,
,,,,,,,,,,,,,,,,,,,,,,,,,
,,,,,,,,,,,,,,,,,,,,,,,,,
,,,,,,,,,,,,,,,,,,,,,,,,,
,,,,,,,,,,,,,,,,,,,,,,,,,
,,,,,,,,,,,,,,,,,,,,,,,,,
,,,,,,,,,,,,,,,,,,,,,,,,,
,,,,,,,,,,,,,,,,,,,,,,,,,
,,,,,,,,,,,,,,,,,,,,,,,,,
,,,,,,,,,,,,,,,,,,,,,,,,,
,,,,,,,,,,,,,,,,,,,,,,,,,
,,,,,,,,,,,,,,,,,,,,,,,,,
,,,,,,,,,,,,,,,,,,,,,,,,,
,,,,,,,,,,,,,,,,,,,,,,,,,
,,,,,,,,,,,,,,,,,,,,,,,,,
,,,,,,,,,,,,,,,,,,,,,,,,,
,,,,,,,,,,,,,,,,,,,,,,,,,
,,,,,,,,,,,,,,,,,,,,,,,,,
,,,,,,,,,,,,,,,,,,,,,,,,,
,,,,,,,,,,,,,,,,,,,,,,,,,
,,,,,,,,,,,,,,,,,,,,,,,,,
,,,,,,,,,,,,,,,,,,,,,,,,,
,,,,,,,,,,,,,,,,,,,,,,,,,
,,,,,,,,,,,,,,,,,,,,,,,,,
,,,,,,,,,,,,,,,,,,,,,,,,,
,,,,,,,,,,,,,,,,,,,,,,,,,
,,,,,,,,,,,,,,,,,,,,,,,,,
,,,,,,,,,,,,,,,,,,,,,,,,,
,,,,,,,,,,,,,,,,,,,,,,,,,
,,,,,,,,,,,,,,,,,,,,,,,,,
,,,,,,,,,,,,,,,,,,,,,,,,,
,,,,,,,,,,,,,,,,,,,,,,,,,
,,,,,,,,,,,,,,,,,,,,,,,,,
,,,,,,,,,,,,,,,,,,,,,,,,,
,,,,,,,,,,,,,,,,,,,,,,,,,
,,,,,,,,,,,,,,,,,,,,,,,,,
,,,,,,,,,,,,,,,,,,,,,,,,,
,,,,,,,,,,,,,,,,,,,,,,,,,
,,,,,,,,,,,,,,,,,,,,,,,,,
,,,,,,,,,,,,,,,,,,,,,,,,,
,,,,,,,,,,,,,,,,,,,,,,,,,
,,,,,,,,,,,,,,,,,,,,,,,,,
,,,,,,,,,,,,,,,,,,,,,,,,,
,,,,,,,,,,,,,,,,,,,,,,,,,
,,,,,,,,,,,,,,,,,,,,,,,,,
,,,,,,,,,,,,,,,,,,,,,,,,,
,,,,,,,,,,,,,,,,,,,,,,,,,
,,,,,,,,,,,,,,,,,,,,,,,,,
,,,,,,,,,,,,,,,,,,,,,,,,,
,,,,,,,,,,,,,,,,,,,,,,,,,
,,,,,,,,,,,,,,,,,,,,,,,,,
,,,,,,,,,,,,,,,,,,,,,,,,,
,,,,,,,,,,,,,,,,,,,,,,,,,
,,,,,,,,,,,,,,,,,,,,,,,,,
,,,,,,,,,,,,,,,,,,,,,,,,,
,,,,,,,,,,,,,,,,,,,,,,,,,
,,,,,,,,,,,,,,,,,,,,,,,,,
,,,,,,,,,,,,,,,,,,,,,,,,,
,,,,,,,,,,,,,,,,,,,,,,,,,
,,,,,,,,,,,,,,,,,,,,,,,,,
,,,,,,,,,,,,,,,,,,,,,,,,,
,,,,,,,,,,,,,,,,,,,,,,,,,
,,,,,,,,,,,,,,,,,,,,,,,,,
,,,,,,,,,,,,,,,,,,,,,,,,,
,,,,,,,,,,,,,,,,,,,,,,,,,
,,,,,,,,,,,,,,,,,,,,,,,,,
,,,,,,,,,,,,,,,,,,,,,,,,,
,,,,,,,,,,,,,,,,,,,,,,,,,
,,,,,,,,,,,,,,,,,,,,,,,,,
,,,,,,,,,,,,,,,,,,,,,,,,,
,,,,,,,,,,,,,,,,,,,,,,,,,
,,,,,,,,,,,,,,,,,,,,,,,,,
,,,,,,,,,,,,,,,,,,,,,,,,,
,,,,,,,,,,,,,,,,,,,,,,,,,
,,,,,,,,,,,,,,,,,,,,,,,,,
,,,,,,,,,,,,,,,,,,,,,,,,,
,,,,,,,,,,,,,,,,,,,,,,,,,
,,,,,,,,,,,,,,,,,,,,,,,,,
,,,,,,,,,,,,,,,,,,,,,,,,,
,,,,,,,,,,,,,,,,,,,,,,,,,
,,,,,,,,,,,,,,,,,,,,,,,,,
,,,,,,,,,,,,,,,,,,,,,,,,,
,,,,,,,,,,,,,,,,,,,,,,,,,
,,,,,,,,,,,,,,,,,,,,,,,,,
,,,,,,,,,,,,,,,,,,,,,,,,,
,,,,,,,,,,,,,,,,,,,,,,,,,
,,,,,,,,,,,,,,,,,,,,,,,,,
,,,,,,,,,,,,,,,,,,,,,,,,,
,,,,,,,,,,,,,,,,,,,,,,,,,
,,,,,,,,,,,,,,,,,,,,,,,,,
,,,,,,,,,,,,,,,,,,,,,,,,,
,,,,,,,,,,,,,,,,,,,,,,,,,
,,,,,,,,,,,,,,,,,,,,,,,,,
,,,,,,,,,,,,,,,,,,,,,,,,,
,,,,,,,,,,,,,,,,,,,,,,,,,
,,,,,,,,,,,,,,,,,,,,,,,,,
,,,,,,,,,,,,,,,,,,,,,,,,,
,,,,,,,,,,,,,,,,,,,,,,,,,
,,,,,,,,,,,,,,,,,,,,,,,,,
,,,,,,,,,,,,,,,,,,,,,,,,,
,,,,,,,,,,,,,,,,,,,,,,,,,
,,,,,,,,,,,,,,,,,,,,,,,,,
,,,,,,,,,,,,,,,,,,,,,,,,,
,,,,,,,,,,,,,,,,,,,,,,,,,
,,,,,,,,,,,,,,,,,,,,,,,,,
,,,,,,,,,,,,,,,,,,,,,,,,,
,,,,,,,,,,,,,,,,,,,,,,,,,
,,,,,,,,,,,,,,,,,,,,,,,,,
,,,,,,,,,,,,,,,,,,,,,,,,,
,,,,,,,,,,,,,,,,,,,,,,,,,
,,,,,,,,,,,,,,,,,,,,,,,,,
,,,,,,,,,,,,,,,,,,,,,,,,,
,,,,,,,,,,,,,,,,,,,,,,,,,
,,,,,,,,,,,,,,,,,,,,,,,,,
,,,,,,,,,,,,,,,,,,,,,,,,,
,,,,,,,,,,,,,,,,,,,,,,,,,
,,,,,,,,,,,,,,,,,,,,,,,,,
,,,,,,,,,,,,,,,,,,,,,,,,,
,,,,,,,,,,,,,,,,,,,,,,,,,
,,,,,,,,,,,,,,,,,,,,,,,,,
,,,,,,,,,,,,,,,,,,,,,,,,,
,,,,,,,,,,,,,,,,,,,,,,,,,
,,,,,,,,,,,,,,,,,,,,,,,,,
,,,,,,,,,,,,,,,,,,,,,,,,,
,,,,,,,,,,,,,,,,,,,,,,,,,
,,,,,,,,,,,,,,,,,,,,,,,,,
,,,,,,,,,,,,,,,,,,,,,,,,,
,,,,,,,,,,,,,,,,,,,,,,,,,
,,,,,,,,,,,,,,,,,,,,,,,,,
,,,,,,,,,,,,,,,,,,,,,,,,,
,,,,,,,,,,,,,,,,,,,,,,,,,
,,,,,,,,,,,,,,,,,,,,,,,,,
,,,,,,,,,,,,,,,,,,,,,,,,,
,,,,,,,,,,,,,,,,,,,,,,,,,
,,,,,,,,,,,,,,,,,,,,,,,,,
,,,,,,,,,,,,,,,,,,,,,,,,,
,,,,,,,,,,,,,,,,,,,,,,,,,
,,,,,,,,,,,,,,,,,,,,,,,,,
,,,,,,,,,,,,,,,,,,,,,,,,,
,,,,,,,,,,,,,,,,,,,,,,,,,
,,,,,,,,,,,,,,,,,,,,,,,,,
,,,,,,,,,,,,,,,,,,,,,,,,,
,,,,,,,,,,,,,,,,,,,,,,,,,
,,,,,,,,,,,,,,,,,,,,,,,,,
,,,,,,,,,,,,,,,,,,,,,,,,,
,,,,,,,,,,,,,,,,,,,,,,,,,
,,,,,,,,,,,,,,,,,,,,,,,,,
,,,,,,,,,,,,,,,,,,,,,,,,,
,,,,,,,,,,,,,,,,,,,,,,,,,
,,,,,,,,,,,,,,,,,,,,,,,,,
,,,,,,,,,,,,,,,,,,,,,,,,,
,,,,,,,,,,,,,,,,,,,,,,,,,
,,,,,,,,,,,,,,,,,,,,,,,,,
,,,,,,,,,,,,,,,,,,,,,,,,,
,,,,,,,,,,,,,,,,,,,,,,,,,
,,,,,,,,,,,,,,,,,,,,,,,,,
,,,,,,,,,,,,,,,,,,,,,,,,,
,,,,,,,,,,,,,,,,,,,,,,,,,
,,,,,,,,,,,,,,,,,,,,,,,,,
,,,,,,,,,,,,,,,,,,,,,,,,,
,,,,,,,,,,,,,,,,,,,,,,,,,
,,,,,,,,,,,,,,,,,,,,,,,,,
,,,,,,,,,,,,,,,,,,,,,,,,,
,,,,,,,,,,,,,,,,,,,,,,,,,
,,,,,,,,,,,,,,,,,,,,,,,,,
,,,,,,,,,,,,,,,,,,,,,,,,,
,,,,,,,,,,,,,,,,,,,,,,,,,
,,,,,,,,,,,,,,,,,,,,,,,,,
,,,,,,,,,,,,,,,,,,,,,,,,,
,,,,,,,,,,,,,,,,,,,,,,,,,
,,,,,,,,,,,,,,,,,,,,,,,,,
,,,,,,,,,,,,,,,,,,,,,,,,,
,,,,,,,,,,,,,,,,,,,,,,,,,
,,,,,,,,,,,,,,,,,,,,,,,,,
,,,,,,,,,,,,,,,,,,,,,,,,,
,,,,,,,,,,,,,,,,,,,,,,,,,
,,,,,,,,,,,,,,,,,,,,,,,,,
,,,,,,,,,,,,,,,,,,,,,,,,,
,,,,,,,,,,,,,,,,,,,,,,,,,
,,,,,,,,,,,,,,,,,,,,,,,,,
,,,,,,,,,,,,,,,,,,,,,,,,,
,,,,,,,,,,,,,,,,,,,,,,,,,
,,,,,,,,,,,,,,,,,,,,,,,,,
,,,,,,,,,,,,,,,,,,,,,,,,,
,,,,,,,,,,,,,,,,,,,,,,,,,
,,,,,,,,,,,,,,,,,,,,,,,,,
,,,,,,,,,,,,,,,,,,,,,,,,,
,,,,,,,,,,,,,,,,,,,,,,,,,
,,,,,,,,,,,,,,,,,,,,,,,,,
,,,,,,,,,,,,,,,,,,,,,,,,,
,,,,,,,,,,,,,,,,,,,,,,,,,
,,,,,,,,,,,,,,,,,,,,,,,,,
,,,,,,,,,,,,,,,,,,,,,,,,,
,,,,,,,,,,,,,,,,,,,,,,,,,
,,,,,,,,,,,,,,,,,,,,,,,,,
,,,,,,,,,,,,,,,,,,,,,,,,,
,,,,,,,,,,,,,,,,,,,,,,,,,
,,,,,,,,,,,,,,,,,,,,,,,,,
,,,,,,,,,,,,,,,,,,,,,,,,,
,,,,,,,,,,,,,,,,,,,,,,,,,
,,,,,,,,,,,,,,,,,,,,,,,,,
,,,,,,,,,,,,,,,,,,,,,,,,,
,,,,,,,,,,,,,,,,,,,,,,,,,
,,,,,,,,,,,,,,,,,,,,,,,,,
,,,,,,,,,,,,,,,,,,,,,,,,,
,,,,,,,,,,,,,,,,,,,,,,,,,
,,,,,,,,,,,,,,,,,,,,,,,,,
,,,,,,,,,,,,,,,,,,,,,,,,,
,,,,,,,,,,,,,,,,,,,,,,,,,
,,,,,,,,,,,,,,,,,,,,,,,,,
,,,,,,,,,,,,,,,,,,,,,,,,,
,,,,,,,,,,,,,,,,,,,,,,,,,
,,,,,,,,,,,,,,,,,,,,,,,,,
,,,,,,,,,,,,,,,,,,,,,,,,,
,,,,,,,,,,,,,,,,,,,,,,,,,
,,,,,,,,,,,,,,,,,,,,,,,,,
,,,,,,,,,,,,,,,,,,,,,,,,,
,,,,,,,,,,,,,,,,,,,,,,,,,
,,,,,,,,,,,,,,,,,,,,,,,,,
,,,,,,,,,,,,,,,,,,,,,,,,,
,,,,,,,,,,,,,,,,,,,,,,,,,
,,,,,,,,,,,,,,,,,,,,,,,,,
,,,,,,,,,,,,,,,,,,,,,,,,,
,,,,,,,,,,,,,,,,,,,,,,,,,
,,,,,,,,,,,,,,,,,,,,,,,,,
,,,,,,,,,,,,,,,,,,,,,,,,,
,,,,,,,,,,,,,,,,,,,,,,,,,
,,,,,,,,,,,,,,,,,,,,,,,,,
,,,,,,,,,,,,,,,,,,,,,,,,,
,,,,,,,,,,,,,,,,,,,,,,,,,
,,,,,,,,,,,,,,,,,,,,,,,,,
,,,,,,,,,,,,,,,,,,,,,,,,,
,,,,,,,,,,,,,,,,,,,,,,,,,
,,,,,,,,,,,,,,,,,,,,,,,,,
,,,,,,,,,,,,,,,,,,,,,,,,,
,,,,,,,,,,,,,,,,,,,,,,,,,
,,,,,,,,,,,,,,,,,,,,,,,,,
,,,,,,,,,,,,,,,,,,,,,,,,,
,,,,,,,,,,,,,,,,,,,,,,,,,
,,,,,,,,,,,,,,,,,,,,,,,,,
,,,,,,,,,,,,,,,,,,,,,,,,,
,,,,,,,,,,,,,,,,,,,,,,,,,
,,,,,,,,,,,,,,,,,,,,,,,,,
,,,,,,,,,,,,,,,,,,,,,,,,,
,,,,,,,,,,,,,,,,,,,,,,,,,
,,,,,,,,,,,,,,,,,,,,,,,,,
,,,,,,,,,,,,,,,,,,,,,,,,,
,,,,,,,,,,,,,,,,,,,,,,,,,
,,,,,,,,,,,,,,,,,,,,,,,,,
,,,,,,,,,,,,,,,,,,,,,,,,,
,,,,,,,,,,,,,,,,,,,,,,,,,
,,,,,,,,,,,,,,,,,,,,,,,,,
,,,,,,,,,,,,,,,,,,,,,,,,,
,,,,,,,,,,,,,,,,,,,,,,,,,
,,,,,,,,,,,,,,,,,,,,,,,,,
,,,,,,,,,,,,,,,,,,,,,,,,,
,,,,,,,,,,,,,,,,,,,,,,,,,
,,,,,,,,,,,,,,,,,,,,,,,,,
,,,,,,,,,,,,,,,,,,,,,,,,,
,,,,,,,,,,,,,,,,,,,,,,,,,
,,,,,,,,,,,,,,,,,,,,,,,,,
,,,,,,,,,,,,,,,,,,,,,,,,,
,,,,,,,,,,,,,,,,,,,,,,,,,
,,,,,,,,,,,,,,,,,,,,,,,,,
,,,,,,,,,,,,,,,,,,,,,,,,,
,,,,,,,,,,,,,,,,,,,,,,,,,
,,,,,,,,,,,,,,,,,,,,,,,,,
,,,,,,,,,,,,,,,,,,,,,,,,,
,,,,,,,,,,,,,,,,,,,,,,,,,
,,,,,,,,,,,,,,,,,,,,,,,,,
,,,,,,,,,,,,,,,,,,,,,,,,,
,,,,,,,,,,,,,,,,,,,,,,,,,
,,,,,,,,,,,,,,,,,,,,,,,,,
,,,,,,,,,,,,,,,,,,,,,,,,,
,,,,,,,,,,,,,,,,,,,,,,,,,
,,,,,,,,,,,,,,,,,,,,,,,,,
,,,,,,,,,,,,,,,,,,,,,,,,,
,,,,,,,,,,,,,,,,,,,,,,,,,
,,,,,,,,,,,,,,,,,,,,,,,,,
,,,,,,,,,,,,,,,,,,,,,,,,,
,,,,,,,,,,,,,,,,,,,,,,,,,
,,,,,,,,,,,,,,,,,,,,,,,,,
,,,,,,,,,,,,,,,,,,,,,,,,,
,,,,,,,,,,,,,,,,,,,,,,,,,
,,,,,,,,,,,,,,,,,,,,,,,,,
,,,,,,,,,,,,,,,,,,,,,,,,,
,,,,,,,,,,,,,,,,,,,,,,,,,
,,,,,,,,,,,,,,,,,,,,,,,,,
,,,,,,,,,,,,,,,,,,,,,,,,,
,,,,,,,,,,,,,,,,,,,,,,,,,
,,,,,,,,,,,,,,,,,,,,,,,,,
,,,,,,,,,,,,,,,,,,,,,,,,,
,,,,,,,,,,,,,,,,,,,,,,,,,
,,,,,,,,,,,,,,,,,,,,,,,,,
,,,,,,,,,,,,,,,,,,,,,,,,,
,,,,,,,,,,,,,,,,,,,,,,,,,
,,,,,,,,,,,,,,,,,,,,,,,,,
,,,,,,,,,,,,,,,,,,,,,,,,,
,,,,,,,,,,,,,,,,,,,,,,,,,
,,,,,,,,,,,,,,,,,,,,,,,,,
,,,,,,,,,,,,,,,,,,,,,,,,,
,,,,,,,,,,,,,,,,,,,,,,,,,
,,,,,,,,,,,,,,,,,,,,,,,,,
,,,,,,,,,,,,,,,,,,,,,,,,,
,,,,,,,,,,,,,,,,,,,,,,,,,
,,,,,,,,,,,,,,,,,,,,,,,,,
,,,,,,,,,,,,,,,,,,,,,,,,,
,,,,,,,,,,,,,,,,,,,,,,,,,
,,,,,,,,,,,,,,,,,,,,,,,,,
,,,,,,,,,,,,,,,,,,,,,,,,,
,,,,,,,,,,,,,,,,,,,,,,,,,
,,,,,,,,,,,,,,,,,,,,,,,,,
,,,,,,,,,,,,,,,,,,,,,,,,,
,,,,,,,,,,,,,,,,,,,,,,,,,
,,,,,,,,,,,,,,,,,,,,,,,,,
,,,,,,,,,,,,,,,,,,,,,,,,,
,,,,,,,,,,,,,,,,,,,,,,,,,
,,,,,,,,,,,,,,,,,,,,,,,,,
,,,,,,,,,,,,,,,,,,,,,,,,,
,,,,,,,,,,,,,,,,,,,,,,,,,
,,,,,,,,,,,,,,,,,,,,,,,,,
,,,,,,,,,,,,,,,,,,,,,,,,,
,,,,,,,,,,,,,,,,,,,,,,,,,
,,,,,,,,,,,,,,,,,,,,,,,,,
,,,,,,,,,,,,,,,,,,,,,,,,,
,,,,,,,,,,,,,,,,,,,,,,,,,
,,,,,,,,,,,,,,,,,,,,,,,,,
,,,,,,,,,,,,,,,,,,,,,,,,,
,,,,,,,,,,,,,,,,,,,,,,,,,
,,,,,,,,,,,,,,,,,,,,,,,,,
,,,,,,,,,,,,,,,,,,,,,,,,,
,,,,,,,,,,,,,,,,,,,,,,,,,
,,,,,,,,,,,,,,,,,,,,,,,,,
,,,,,,,,,,,,,,,,,,,,,,,,,
,,,,,,,,,,,,,,,,,,,,,,,,,
,,,,,,,,,,,,,,,,,,,,,,,,,
,,,,,,,,,,,,,,,,,,,,,,,,,
,,,,,,,,,,,,,,,,,,,,,,,,,
,,,,,,,,,,,,,,,,,,,,,,,,,